step,time_s,pair,rest_x_m,rest_z_m,lower_x_m,lower_y_m,lower_z_m,upper_x_m,upper_y_m,upper_z_m
0,0,0,-0.00676923076923,0.00075,-0.00676923058927,-0.000300000014249,0.000750000006519,-0.00676923058927,0.000300000014249,0.000750000006519
0,0,1,-0.00553846153846,0.00075,-0.00553846172988,-0.000300000014249,0.000750000006519,-0.00553846172988,0.000300000014249,0.000750000006519
0,0,2,-0.00430769230769,0.00075,-0.00430769240484,-0.000300000014249,0.000750000006519,-0.00430769240484,0.000300000014249,0.000750000006519
0,0,3,-0.00307692307692,0.00075,-0.00307692307979,-0.000300000014249,0.000750000006519,-0.00307692307979,0.000300000014249,0.000750000006519
0,0,4,-0.00184615384615,0.00075,-0.00184615387116,-0.000300000014249,0.000750000006519,-0.00184615387116,0.000300000014249,0.000750000006519
0,0,5,-0.000615384615385,0.00075,-0.000615384604316,-0.000300000014249,0.000750000006519,-0.000615384604316,0.000300000014249,0.000750000006519
0,0,6,0.000615384615385,0.00075,0.000615384604316,-0.000300000014249,0.000750000006519,0.000615384604316,0.000300000014249,0.000750000006519
0,0,7,0.00184615384615,0.00075,0.00184615387116,-0.000300000014249,0.000750000006519,0.00184615387116,0.000300000014249,0.000750000006519
0,0,8,0.00307692307692,0.00075,0.00307692307979,-0.000300000014249,0.000750000006519,0.00307692307979,0.000300000014249,0.000750000006519
0,0,9,0.00430769230769,0.00075,0.00430769240484,-0.000300000014249,0.000750000006519,0.00430769240484,0.000300000014249,0.000750000006519
0,0,10,0.00553846153846,0.00075,0.00553846172988,-0.000300000014249,0.000750000006519,0.00553846172988,0.000300000014249,0.000750000006519
0,0,11,0.00676923076923,0.00075,0.00676923058927,-0.000300000014249,0.000750000006519,0.00676923058927,0.000300000014249,0.000750000006519
1,0.001,0,-0.00676923076923,0.00075,-0.00676923291758,-0.000299973791698,0.000749955768697,-0.00676924362779,0.000299974257359,0.00074996863259
1,0.001,1,-0.00553846153846,0.00075,-0.00553846312687,-0.000299953680951,0.000749945582356,-0.00553846824914,0.000299942970742,0.000749940401874
1,0.001,2,-0.00430769230769,0.00075,-0.00430769566447,-0.000299935782095,0.000749945931602,-0.00430768495426,0.000299904699204,0.000749933009502
1,0.001,3,-0.00307692307692,0.00075,-0.00307692284696,-0.000299943931168,0.000749944767449,-0.00307692610659,0.000299921026453,0.000749943428673
1,0.001,4,-0.00184615384615,0.00075,-0.00184614374302,-0.000299959036056,0.000749951577745,-0.00184616073966,0.000299964885926,0.000749955535866
1,0.001,5,-0.000615384615385,0.00075,-0.000615379132796,-0.000299967447063,0.000749956991058,-0.00061539048329,0.000299980456475,0.000749962462578
1,0.001,6,0.000615384615385,0.00075,0.000615381577518,-0.000299971550703,0.00074995070463,0.000615379889496,0.000299982784782,0.00074996217154
1,0.001,7,0.00184615384615,0.00075,0.00184615352191,-0.000299961946439,0.000749942904804,0.00184615154285,0.000299968873151,0.000749953032937
1,0.001,8,0.00307692307692,0.00075,0.00307692727074,-0.000299945357256,0.000749946571887,0.00307692610659,0.000299918901874,0.000749936152715
1,0.001,9,0.00430769230769,0.00075,0.00430770171806,-0.000299935607472,0.000749942206312,0.00430769752711,0.000299901061226,0.000749935745262
1,0.001,10,0.00553846153846,0.00075,0.00553847290576,-0.000299947598251,0.000749944418203,0.00553846126422,0.000299946696032,0.000749947910663
1,0.001,11,0.00676923076923,0.00075,0.00676924781874,-0.000299964827718,0.000749966537114,0.00676922360435,0.00029997783713,0.000749966420699
2,0.002,0,-0.00676923076923,0.00075,-0.00676922360435,-0.000299893959891,0.000749885628466,-0.00676917657256,0.000299867679132,0.000749889819417
2,0.002,1,-0.00553846153846,0.00075,-0.00553841888905,-0.000299726321828,0.000749820435885,-0.00553845800459,0.000299635226838,0.000749799597543
2,0.002,2,-0.00430769230769,0.00075,-0.00430765328929,-0.000299600651488,0.000749772822019,-0.00430773664266,0.000299451436149,0.000749715429265
2,0.002,3,-0.00307692307692,0.00075,-0.00307691562921,-0.000299644307233,0.000749779050238,-0.0030769596342,0.000299517792882,0.000749730679672
2,0.002,4,-0.00184615384615,0.00075,-0.00184615456965,-0.00029980961699,0.000749871775042,-0.00184617121704,0.000299758918118,0.000749839702621
2,0.002,5,-0.000615384615385,0.00075,-0.000615396827925,-0.00029989273753,0.00074993056478,-0.000615362310782,0.000299902574625,0.000749896571506
2,0.002,6,0.000615384615385,0.00075,0.000615364464466,-0.000299897743389,0.000749894883484,0.000615441589616,0.00029990641633,0.000749878585339
2,0.002,7,0.00184615384615,0.00075,0.00184615398757,-0.000299827515846,0.000749842438381,0.0018462074222,0.000299760285998,0.000749806815293
2,0.002,8,0.00307692307692,0.00075,0.0030769307632,-0.000299659033772,0.000749781029299,0.00307694193907,0.000299532868667,0.000749735161662
2,0.002,9,0.00430769230769,0.00075,0.00430771009997,-0.000299602979794,0.000749775848817,0.00430764164776,0.000299440871459,0.000749717408326
2,0.002,10,0.00553846153846,0.00075,0.00553846312687,-0.000299723556964,0.000749847386032,0.00553840771317,0.0002996356925,0.000749800761696
2,0.002,11,0.00676923076923,0.00075,0.00676922407001,-0.000299878651276,0.000749922415707,0.00676921522245,0.000299836829072,0.000749906059355
3,0.003,0,-0.00676923076923,0.00075,-0.00676920264959,-0.000299750914564,0.000749840866774,-0.00676917936653,0.00029981235275,0.000749855011236
3,0.003,1,-0.00553846153846,0.00075,-0.00553838349879,-0.000299288309179,0.000749699538574,-0.0055384170264,0.000299327803077,0.000749669095967
3,0.003,2,-0.00430769230769,0.00075,-0.00430761696771,-0.000298903731164,0.000749562575947,-0.0043077156879,0.000298911647405,0.000749501225073
3,0.003,3,-0.00307692307692,0.00075,-0.00307686114684,-0.000299065810395,0.000749578815885,-0.00307697290555,0.000299116567476,0.000749532773625
3,0.003,4,-0.00184615384615,0.00075,-0.00184610870201,-0.000299452309264,0.000749735510908,-0.00184613873716,0.000299585051835,0.000749680679291
3,0.003,5,-0.000615384615385,0.00075,-0.000615363591351,-0.000299627397908,0.000749807863031,-0.000615342112724,0.000299705396174,0.000749767292291
3,0.003,6,0.000615384615385,0.00075,0.000615391822066,-0.00029963842826,0.000749759958126,0.000615430588368,0.000299686187645,0.000749767874368
3,0.003,7,0.00184615384615,0.00075,0.00184620462824,-0.000299471692415,0.000749671133235,0.00184619380161,0.000299552484648,0.000749676779378
3,0.003,8,0.00307692307692,0.00075,0.00307697313838,-0.000299073231872,0.000749570375774,0.00307690887712,0.00029909904697,0.00074952567229
3,0.003,9,0.00430769230769,0.00075,0.0043077301234,-0.00029891874874,0.000749588012695,0.00430764444172,0.000298902363284,0.000749489874579
3,0.003,10,0.00553846153846,0.00075,0.00553848268464,-0.000299270905089,0.000749755825382,0.00553841469809,0.000299371866276,0.000749678059947
3,0.003,11,0.00676923076923,0.00075,0.00676921661943,-0.000299706502119,0.000749893195461,0.00676923617721,0.00029983712011,0.000749859551433
4,0.004,0,-0.00676923076923,0.00075,-0.006768994499,-0.000298624770949,0.000750606239308,-0.00676892045885,0.000300325511489,0.000750665029045
4,0.004,1,-0.00553846153846,0.00075,-0.00553815625608,-0.000297720805975,0.000750297389459,-0.00553819909692,0.000299371866276,0.000750281731598
4,0.004,2,-0.00430769230769,0.00075,-0.00430736551061,-0.000296960584819,0.000750083883759,-0.00430752336979,0.000298527913401,0.000749968981836
4,0.004,3,-0.00307692307692,0.00075,-0.00307661760598,-0.000297225662507,0.000750112289097,-0.00307673728094,0.000298855477013,0.000750036444515
4,0.004,4,-0.00184615384615,0.00075,-0.0018458222039,-0.000297906721244,0.00075037201168,-0.00184589182027,0.00029965522117,0.000750295643229
4,0.004,5,-0.000615384615385,0.00075,-0.000615074473899,-0.000298156810459,0.000750517414417,-0.000615078606643,0.000299934559735,0.000750440813135
4,0.004,6,0.000615384615385,0.00075,0.000615668250248,-0.000298177590594,0.000750466948375,0.000615704222582,0.000299934210489,0.000750438892283
4,0.004,7,0.00184615384615,0.00075,0.00184648239519,-0.000297925638733,0.000750278006308,0.00184647552669,0.000299639272271,0.00075027073035
4,0.004,8,0.00307692307692,0.00075,0.0030772825703,-0.000297274556942,0.000750086561311,0.00307716359384,0.000298800994642,0.000750000297558
4,0.004,9,0.00430769230769,0.00075,0.00430803978816,-0.000296996557154,0.00075010425644,0.00430784281343,0.000298486702377,0.000749953091145
4,0.004,10,0.00553846153846,0.00075,0.00553878815845,-0.000297693506582,0.000750408449676,0.00553867546842,0.000299398321658,0.000750285224058
4,0.004,11,0.00676923076923,0.00075,0.00676948996261,-0.000298541272059,0.000750714854803,0.00676952302456,0.000300313404296,0.000750644714572
5,0.005,0,-0.00676923076923,0.00075,-0.00676853582263,-0.00029459502548,0.00075510807801,-0.00676853535697,0.000303031440126,0.000755107670557
5,0.005,1,-0.00553846153846,0.00075,-0.00553761934862,-0.000293006334687,0.00075450912118,-0.0055377795361,0.000301506282995,0.000754434615374
5,0.005,2,-0.00430769230769,0.00075,-0.00430675875396,-0.000291616946924,0.000754117791075,-0.00430710567161,0.000300032610539,0.000753862783313
5,0.005,3,-0.00307692307692,0.00075,-0.00307601969689,-0.000291845644824,0.000754111853894,-0.00307623459958,0.00030045377207,0.000753913249355
5,0.005,4,-0.00184615384615,0.00075,-0.0018451687647,-0.000292928220006,0.000754429085646,-0.00184521730989,0.000301726220641,0.000754276232328
5,0.005,5,-0.000615384615385,0.00075,-0.000614300079178,-0.000293221528409,0.000754628097638,-0.000614311778918,0.000301986001432,0.000754470063839
5,0.005,6,0.000615384615385,0.00075,0.000616512377746,-0.000293171906378,0.0007545708213,0.000616543460637,0.000301997788483,0.000754496140871
5,0.005,7,0.00184615384615,0.00075,0.00184734526556,-0.000292872369755,0.000754317035899,0.00184734945651,0.000301640742691,0.00075427419506
5,0.005,8,0.00307692307692,0.00075,0.0030782117974,-0.000291836680844,0.000754055276047,0.00307800411247,0.000300281419186,0.000753873900976
5,0.005,9,0.00430769230769,0.00075,0.00430895807222,-0.000291516305879,0.000754146662075,0.00430855248123,0.000299856357742,0.000753867498133
5,0.005,10,0.00553846153846,0.00075,0.00553960958496,-0.000292850250844,0.000754697597586,0.00553931342438,0.000301380117889,0.000754484499339
5,0.005,11,0.00676923076923,0.00075,0.00677024340257,-0.00029440477374,0.000755300861783,0.00677008880302,0.000302891217871,0.000755152665079
