frame,time_s,knot_index,error_rad,current_angle_rad,rest_angle_rad,warp_first,warp_second,weft_first,weft_second
1,0.0083333333333333332,1104,8.4132888140020512e-05,1.6391547867208291,1.6390706538326891,1104,1200,1199,1153
2,0.016666666666666666,1104,0.00025846181975208715,1.6393291156524412,1.6390706538326891,1104,1200,1199,1153
3,0.025000000000000001,1103,0.00059198690209094629,1.6425940568184401,1.643186043720531,1103,1199,1150,1104
4,0.033333333333333333,1102,0.00068832297021326205,1.5964547816621018,1.5957664586918885,1102,1198,1149,1151
5,0.041666666666666664,821,0.00083199418773949319,1.4465241203486878,1.4473561145364273,821,917,868,870
8,0.066666666666666666,726,0.0014316628657036201,1.4817126399264371,1.4831443027921407,726,822,773,775
9,0.074999999999999997,260,0.0017502536588813733,1.4581579233143238,1.4564076696554424,260,356,307,309
10,0.083333333333333329,821,0.0020897548639560171,1.4494458694003833,1.4473561145364273,821,917,868,870
13,0.10833333333333334,623,0.0023283583225301996,1.3166449839882763,1.3143166256657461,623,719,670,624
14,0.11666666666666667,623,0.0035772574308532423,1.3178938830965994,1.3143166256657461,623,719,670,624
15,0.125,9,0.0054534458789203821,1.5034174486406293,1.5088708945195497,9,105,56,58
17,0.14166666666666666,9,0.007114808963559538,1.5017560855559902,1.5088708945195497,9,105,56,58
19,0.15833333333333333,477,0.0076131226308266964,1.4774007925135877,1.469787669882761,477,573,524,526
21,0.17499999999999999,65,0.016051504104051872,1.6754643116071766,1.6594128075031247,65,161,112,114
25,0.20833333333333334,771,0.024228082909580451,1.385460055154105,1.3612319722445245,771,867,818,820
26,0.21666666666666667,771,0.04473061044589266,1.4059625826904172,1.3612319722445245,771,867,818,820
44,0.36666666666666664,771,0.047889122655961014,1.4091210949004855,1.3612319722445245,771,867,818,820
46,0.3833333333333333,771,0.058529437370006487,1.419761409614531,1.3612319722445245,771,867,818,820
64,0.53333333333333333,771,0.061526354263806038,1.4227583265083306,1.3612319722445245,771,867,818,820
133,1.1083333333333334,861,0.10792421237409755,1.3050024217093046,1.4129266340834021,861,957,908,910
134,1.1166666666666667,861,0.26774865305949791,1.1451779810239042,1.4129266340834021,861,957,908,910
162,1.3500000000000001,861,0.81817368155048542,2.2311003156338876,1.4129266340834021,861,957,908,910
