pass,phase,fruit_yarn_m,fruit,node_a,node_b,primitive_m,local_m,strain_m,static_m
0,input,5.6692601918151286e-05,3,983,984,7.4202240706033873e-10,9.6534745475107542e-10,0,0
1,primitive,5.6692601918151286e-05,3,983,984,0,9.6534745475107542e-10,0,0
1,strain,5.6692601918151286e-05,3,983,984,0,9.6534745475107542e-10,0,0
1,local,5.6692601918151286e-05,3,983,984,0,0,0,0
1,fruit_pair,5.6715381598237968e-05,3,983,984,0,0,0,0
1,fruit_yarn_0,5.6715381598237968e-05,3,983,984,0,0,0,0
1,fruit_yarn_1,5.6715381598237968e-05,3,983,984,0,0,0,0
1,fruit_yarn_2,5.6715381598237968e-05,3,983,984,0,0,0,0
1,fruit_yarn_3,5.6514921432104792e-05,10,983,984,0,0,0,0
1,fruit_yarn_4,5.6514921432104792e-05,10,983,984,0,0,0,0
1,fruit_yarn_5,5.6514921432104792e-05,10,983,984,0,0,0,0
1,fruit_yarn_6,5.6514921432104792e-05,10,983,984,0,0,0,0
1,fruit_yarn_7,5.6514921432104792e-05,10,983,984,0,0,0,0
1,fruit_yarn_8,5.6514921432104792e-05,10,983,984,0,0,0,0
1,fruit_yarn_9,5.6514921432104792e-05,10,983,984,0,0,0,0
1,fruit_yarn_10,5.6354403806233022e-05,3,983,984,0,2.915661288793725e-10,0,0
1,fruit_yarn_11,5.6354403806233022e-05,3,983,984,0,2.915661288793725e-10,0,0
1,ground,5.6354403806233022e-05,3,983,984,0,2.915661288793725e-10,0,0
1,coupled,1.3141386495760243e-05,3,984,1032,0,2.915661288793725e-10,0,0
1,local,1.3141386495760243e-05,3,984,1032,0,1.5612511283791264e-17,0,0
1,fruit_pair,1.6853940280087132e-05,3,984,1032,0,1.5612511283791264e-17,0,0
1,fruit_yarn_0,1.6853940280087132e-05,3,984,1032,0,1.5612511283791264e-17,0,0
1,fruit_yarn_1,1.6853940280087132e-05,3,984,1032,0,1.5612511283791264e-17,0,0
1,fruit_yarn_2,1.6853940280087132e-05,3,984,1032,0,1.5612511283791264e-17,0,0
1,fruit_yarn_3,2.4321756685319329e-06,10,983,984,0,1.5612511283791264e-17,0,0
1,fruit_yarn_4,2.4321756685319329e-06,10,983,984,0,1.5612511283791264e-17,0,0
1,fruit_yarn_5,2.4321756685319329e-06,10,983,984,0,1.5612511283791264e-17,0,0
1,fruit_yarn_6,2.4321756685319329e-06,10,983,984,0,1.5612511283791264e-17,0,0
1,fruit_yarn_7,2.4321756685319329e-06,10,983,984,0,1.5612511283791264e-17,0,0
1,fruit_yarn_8,2.4321756685319329e-06,10,983,984,0,1.5612511283791264e-17,0,0
1,fruit_yarn_9,2.4321756685319329e-06,10,983,984,0,1.5612511283791264e-17,0,0
1,fruit_yarn_10,8.5100496217960231e-07,3,984,1032,0,4.807858186572922e-08,0,0
1,fruit_yarn_11,8.5100496217960231e-07,3,984,1032,0,4.807858186572922e-08,0,0
1,ground,8.5100496217960231e-07,3,984,1032,0,4.807858186572922e-08,0,0
1,coupled,8.5100496217960231e-07,3,984,1032,0,4.807858186572922e-08,0,0
2,primitive,8.5100496217960231e-07,3,984,1032,0,4.807858186572922e-08,0,0
2,strain,8.5100496217960231e-07,3,984,1032,0,4.807858186572922e-08,0,0
2,local,8.5100496217960231e-07,3,984,1032,0,0,0,0
2,fruit_pair,8.9102077685532244e-07,3,984,1032,0,0,0,0
2,fruit_yarn_0,8.9102077685532244e-07,3,984,1032,0,0,0,0
2,fruit_yarn_1,8.9102077685532244e-07,3,984,1032,0,0,0,0
2,fruit_yarn_2,8.9102077685532244e-07,3,984,1032,0,0,0,0
2,fruit_yarn_3,2.8330214858762748e-07,10,983,984,0,0,0,0
2,fruit_yarn_4,2.8330214858762748e-07,10,983,984,0,0,0,0
2,fruit_yarn_5,2.8330214858762748e-07,10,983,984,0,0,0,0
2,fruit_yarn_6,2.8330214858762748e-07,10,983,984,0,0,0,0
2,fruit_yarn_7,2.8330214858762748e-07,10,983,984,0,0,0,0
2,fruit_yarn_8,2.8330214858762748e-07,10,983,984,0,0,0,0
2,fruit_yarn_9,2.8330214858762748e-07,10,983,984,0,0,0,0
2,fruit_yarn_10,9.8655714833584263e-08,3,984,1032,0,4.6473518436340733e-10,0,0
2,fruit_yarn_11,9.8655714833584263e-08,3,984,1032,0,4.6473518436340733e-10,0,0
2,ground,9.8655714833584263e-08,3,984,1032,0,4.6473518436340733e-10,0,0
2,coupled,9.8655714833584263e-08,3,984,1032,0,4.6473518436340733e-10,0,0
2,local,9.8655714833584263e-08,3,984,1032,0,0,0,0
2,fruit_pair,9.9164941771978654e-08,3,984,1032,0,0,0,0
2,fruit_yarn_0,9.9164941771978654e-08,3,984,1032,0,0,0,0
2,fruit_yarn_1,9.9164941771978654e-08,3,984,1032,0,0,0,0
2,fruit_yarn_2,9.9164941771978654e-08,3,984,1032,0,0,0,0
2,fruit_yarn_3,3.1539721737083859e-08,10,983,984,0,0,0,0
2,fruit_yarn_4,3.1539721737083859e-08,10,983,984,0,0,0,0
2,fruit_yarn_5,3.1539721737083859e-08,10,983,984,0,0,0,0
2,fruit_yarn_6,3.1539721737083859e-08,10,983,984,0,0,0,0
2,fruit_yarn_7,3.1539721737083859e-08,10,983,984,0,0,0,0
2,fruit_yarn_8,3.1539721737083859e-08,10,983,984,0,0,0,0
2,fruit_yarn_9,3.1539721737083859e-08,10,983,984,0,0,0,0
2,fruit_yarn_10,1.0982659046088195e-08,3,984,1032,0,2.5060665348464184e-12,0,0
2,fruit_yarn_11,1.0982659046088195e-08,3,984,1032,0,2.5060665348464184e-12,0,0
2,ground,1.0982659046088195e-08,3,984,1032,0,2.5060665348464184e-12,0,0
2,coupled,1.0982659046088195e-08,3,984,1032,0,2.5060665348464184e-12,0,0
3,primitive,1.0982659046088195e-08,3,984,1032,0,2.5060665348464184e-12,0,0
3,strain,1.0982659046088195e-08,3,984,1032,0,2.5060665348464184e-12,0,0
3,local,1.0982659046088195e-08,3,984,1032,0,1.5612511283791264e-17,0,0
3,fruit_pair,1.1026887500320548e-08,3,984,1032,0,1.5612511283791264e-17,0,0
3,fruit_yarn_0,1.1026887500320548e-08,3,984,1032,0,1.5612511283791264e-17,0,0
3,fruit_yarn_1,1.1026887500320548e-08,3,984,1032,0,1.5612511283791264e-17,0,0
3,fruit_yarn_2,1.1026887500320548e-08,3,984,1032,0,1.5612511283791264e-17,0,0
3,fruit_yarn_3,3.5072583864925733e-09,10,983,984,0,1.5612511283791264e-17,0,0
3,fruit_yarn_4,3.5072583864925733e-09,10,983,984,0,1.5612511283791264e-17,0,0
3,fruit_yarn_5,3.5072583864925733e-09,10,983,984,0,1.5612511283791264e-17,0,0
3,fruit_yarn_6,3.5072583864925733e-09,10,983,984,0,1.5612511283791264e-17,0,0
3,fruit_yarn_7,3.5072583864925733e-09,10,983,984,0,1.5612511283791264e-17,0,0
3,fruit_yarn_8,3.5072583864925733e-09,10,983,984,0,1.5612511283791264e-17,0,0
3,fruit_yarn_9,3.5072583864925733e-09,10,983,984,0,1.5612511283791264e-17,0,0
3,fruit_yarn_10,1.2212790084786818e-09,3,984,1032,0,1.5577816814271728e-14,0,0
3,fruit_yarn_11,1.2212790084786818e-09,3,984,1032,0,1.5577816814271728e-14,0,0
3,ground,1.2212790084786818e-09,3,984,1032,0,1.5577816814271728e-14,0,0
3,coupled,1.2212790084786818e-09,3,984,1032,0,1.5577816814271728e-14,0,0
3,local,1.2212790084786818e-09,3,984,1032,0,0,0,0
3,fruit_pair,1.2261649334766034e-09,3,984,1032,0,0,0,0
3,fruit_yarn_0,1.2261649334766034e-09,3,984,1032,0,0,0,0
3,fruit_yarn_1,1.2261649334766034e-09,3,984,1032,0,0,0,0
3,fruit_yarn_2,1.2261649334766034e-09,3,984,1032,0,0,0,0
3,fruit_yarn_3,3.9000072615813508e-10,10,983,984,0,0,0,0
3,fruit_yarn_4,3.9000072615813508e-10,10,983,984,0,0,0,0
3,fruit_yarn_5,3.9000072615813508e-10,10,983,984,0,0,0,0
3,fruit_yarn_6,3.9000072615813508e-10,10,983,984,0,0,0,0
3,fruit_yarn_7,3.9000072615813508e-10,10,983,984,0,0,0,0
3,fruit_yarn_8,3.9000072615813508e-10,10,983,984,0,0,0,0
3,fruit_yarn_9,3.9000072615813508e-10,10,983,984,0,0,0,0
3,fruit_yarn_10,1.3580389590650555e-10,3,984,1032,0,0,0,0
3,fruit_yarn_11,1.3580389590650555e-10,3,984,1032,0,0,0,0
3,ground,1.3580389590650555e-10,3,984,1032,0,0,0,0
3,coupled,1.3580389590650555e-10,3,984,1032,0,0,0,0
4,primitive,1.3580389590650555e-10,3,984,1032,0,0,0,0
4,strain,1.3580389590650555e-10,3,984,1032,0,0,0,0
4,local,1.3580389590650555e-10,3,984,1032,0,0,0,0
4,fruit_pair,1.3634712803245463e-10,3,984,1032,0,0,0,0
4,fruit_yarn_0,1.3634712803245463e-10,3,984,1032,0,0,0,0
4,fruit_yarn_1,1.3634712803245463e-10,3,984,1032,0,0,0,0
4,fruit_yarn_2,1.3634712803245463e-10,3,984,1032,0,0,0,0
4,fruit_yarn_3,4.3367351376666363e-11,10,983,984,0,0,0,0
4,fruit_yarn_4,4.3367351376666363e-11,10,983,984,0,0,0,0
4,fruit_yarn_5,4.3367351376666363e-11,10,983,984,0,0,0,0
4,fruit_yarn_6,4.3367351376666363e-11,10,983,984,0,0,0,0
4,fruit_yarn_7,4.3367351376666363e-11,10,983,984,0,0,0,0
4,fruit_yarn_8,4.3367351376666363e-11,10,983,984,0,0,0,0
4,fruit_yarn_9,4.3367351376666363e-11,10,983,984,0,0,0,0
4,fruit_yarn_10,1.5101142558648917e-11,3,984,1032,0,0,0,0
4,fruit_yarn_11,1.5101142558648917e-11,3,984,1032,0,0,0,0
4,ground,1.5101142558648917e-11,3,984,1032,0,0,0,0
4,coupled,1.5101142558648917e-11,3,984,1032,0,0,0,0
4,local,1.5101142558648917e-11,3,984,1032,0,0,0,0
4,fruit_pair,1.5161552568976333e-11,3,984,1032,0,0,0,0
4,fruit_yarn_0,1.5161552568976333e-11,3,984,1032,0,0,0,0
4,fruit_yarn_1,1.5161552568976333e-11,3,984,1032,0,0,0,0
4,fruit_yarn_2,1.5161552568976333e-11,3,984,1032,0,0,0,0
4,fruit_yarn_3,4.8223508519740221e-12,10,983,984,0,0,0,0
4,fruit_yarn_4,4.8223508519740221e-12,10,983,984,0,0,0,0
4,fruit_yarn_5,4.8223508519740221e-12,10,983,984,0,0,0,0
4,fruit_yarn_6,4.8223508519740221e-12,10,983,984,0,0,0,0
4,fruit_yarn_7,4.8223508519740221e-12,10,983,984,0,0,0,0
4,fruit_yarn_8,4.8223508519740221e-12,10,983,984,0,0,0,0
4,fruit_yarn_9,4.8223508519740221e-12,10,983,984,0,0,0,0
4,fruit_yarn_10,1.6792123247455493e-12,3,984,1032,0,0,0,0
4,fruit_yarn_11,1.6792123247455493e-12,3,984,1032,0,0,0,0
4,ground,1.6792123247455493e-12,3,984,1032,0,0,0,0
4,coupled,1.6792123247455493e-12,3,984,1032,0,0,0,0
5,primitive,1.6792123247455493e-12,3,984,1032,0,0,0,0
5,strain,1.6792123247455493e-12,3,984,1032,0,0,0,0
5,local,1.6792123247455493e-12,3,984,1032,0,0,0,0
5,fruit_pair,1.6859291740445315e-12,3,984,1032,0,0,0,0
5,fruit_yarn_0,1.6859291740445315e-12,3,984,1032,0,0,0,0
5,fruit_yarn_1,1.6859291740445315e-12,3,984,1032,0,0,0,0
5,fruit_yarn_2,1.6859291740445315e-12,3,984,1032,0,0,0,0
5,fruit_yarn_3,5.3622384310614279e-13,10,983,984,0,0,0,0
5,fruit_yarn_4,5.3622384310614279e-13,10,983,984,0,0,0,0
5,fruit_yarn_5,5.3622384310614279e-13,10,983,984,0,0,0,0
5,fruit_yarn_6,5.3622384310614279e-13,10,983,984,0,0,0,0
5,fruit_yarn_7,5.3622384310614279e-13,10,983,984,0,0,0,0
5,fruit_yarn_8,5.3622384310614279e-13,10,983,984,0,0,0,0
5,fruit_yarn_9,5.3622384310614279e-13,10,983,984,0,0,0,0
5,fruit_yarn_10,1.8672563495414352e-13,3,984,1032,0,0,0,0
5,fruit_yarn_11,1.8672563495414352e-13,3,984,1032,0,0,0,0
5,ground,1.8672563495414352e-13,3,984,1032,0,0,0,0
5,coupled,1.8672563495414352e-13,3,984,1032,0,0,0,0
5,local,1.8672563495414352e-13,3,984,1032,0,0,0,0
5,fruit_pair,1.8746115770795768e-13,3,984,1032,0,0,0,0
5,fruit_yarn_0,1.8746115770795768e-13,3,984,1032,0,0,0,0
5,fruit_yarn_1,1.8746115770795768e-13,3,984,1032,0,0,0,0
5,fruit_yarn_2,1.8746115770795768e-13,3,984,1032,0,0,0,0
5,fruit_yarn_3,5.9618976422370906e-14,10,983,984,0,0,0,0
5,fruit_yarn_4,5.9618976422370906e-14,10,983,984,0,0,0,0
5,fruit_yarn_5,5.9618976422370906e-14,10,983,984,0,0,0,0
5,fruit_yarn_6,5.9618976422370906e-14,10,983,984,0,0,0,0
5,fruit_yarn_7,5.9618976422370906e-14,10,983,984,0,0,0,0
5,fruit_yarn_8,5.9618976422370906e-14,10,983,984,0,0,0,0
5,fruit_yarn_9,5.9618976422370906e-14,10,983,984,0,0,0,0
5,fruit_yarn_10,2.0719537197066984e-14,3,984,1032,0,0,0,0
5,fruit_yarn_11,2.0719537197066984e-14,3,984,1032,0,0,0,0
5,ground,2.0719537197066984e-14,3,984,1032,0,0,0,0
5,coupled,2.0719537197066984e-14,3,984,1032,0,0,0,0
6,primitive,2.0719537197066984e-14,3,984,1032,0,0,0,0
6,strain,2.0719537197066984e-14,3,984,1032,0,0,0,0
6,local,2.0719537197066984e-14,3,984,1032,0,0,0,0
6,fruit_pair,2.08305594995295e-14,3,984,1032,0,0,0,0
6,fruit_yarn_0,2.08305594995295e-14,3,984,1032,0,0,0,0
6,fruit_yarn_1,2.08305594995295e-14,3,984,1032,0,0,0,0
6,fruit_yarn_2,2.08305594995295e-14,3,984,1032,0,0,0,0
6,fruit_yarn_3,8.4793283505746331e-15,5,1134,1182,0,0,0,0
6,fruit_yarn_4,8.4793283505746331e-15,5,1134,1182,0,0,0,0
6,fruit_yarn_5,8.4793283505746331e-15,5,1134,1182,0,0,0,0
6,fruit_yarn_6,8.4793283505746331e-15,5,1134,1182,0,0,0,0
6,fruit_yarn_7,8.4793283505746331e-15,5,1134,1182,0,0,0,0
6,fruit_yarn_8,8.4793283505746331e-15,5,1134,1182,0,0,0,0
6,fruit_yarn_9,8.4793283505746331e-15,5,1134,1182,0,0,0,0
6,fruit_yarn_10,8.4793283505746331e-15,5,1134,1182,0,0,0,0
6,fruit_yarn_11,8.4793283505746331e-15,5,1134,1182,0,0,0,0
6,ground,8.4793283505746331e-15,5,1134,1182,0,0,0,0
6,coupled,8.4793283505746331e-15,5,1134,1182,0,0,0,0
6,local,8.4793283505746331e-15,5,1134,1182,0,0,0,0
6,fruit_pair,8.4793283505746331e-15,5,1134,1182,0,0,0,0
6,fruit_yarn_0,8.4793283505746331e-15,5,1134,1182,0,0,0,0
6,fruit_yarn_1,8.4793283505746331e-15,5,1134,1182,0,0,0,0
6,fruit_yarn_2,8.4793283505746331e-15,5,1134,1182,0,0,0,0
6,fruit_yarn_3,8.4793283505746331e-15,5,1134,1182,0,0,0,0
6,fruit_yarn_4,8.4793283505746331e-15,5,1134,1182,0,0,0,0
6,fruit_yarn_5,8.4793283505746331e-15,5,1134,1182,0,0,0,0
6,fruit_yarn_6,8.4793283505746331e-15,5,1134,1182,0,0,0,0
6,fruit_yarn_7,8.4793283505746331e-15,5,1134,1182,0,0,0,0
6,fruit_yarn_8,8.4793283505746331e-15,5,1134,1182,0,0,0,0
6,fruit_yarn_9,8.4793283505746331e-15,5,1134,1182,0,0,0,0
6,fruit_yarn_10,8.4793283505746331e-15,5,1134,1182,0,0,0,0
6,fruit_yarn_11,8.4793283505746331e-15,5,1134,1182,0,0,0,0
6,ground,8.4793283505746331e-15,5,1134,1182,0,0,0,0
6,coupled,8.4793283505746331e-15,5,1134,1182,0,0,0,0
7,primitive,8.4793283505746331e-15,5,1134,1182,0,0,0,0
7,strain,8.4793283505746331e-15,5,1134,1182,0,0,0,0
7,local,8.4793283505746331e-15,5,1134,1182,0,0,0,0
7,fruit_pair,8.4793283505746331e-15,5,1134,1182,0,0,0,0
7,fruit_yarn_0,8.4793283505746331e-15,5,1134,1182,0,0,0,0
7,fruit_yarn_1,8.4793283505746331e-15,5,1134,1182,0,0,0,0
7,fruit_yarn_2,8.4793283505746331e-15,5,1134,1182,0,0,0,0
7,fruit_yarn_3,8.4793283505746331e-15,5,1134,1182,0,0,0,0
7,fruit_yarn_4,8.4793283505746331e-15,5,1134,1182,0,0,0,0
7,fruit_yarn_5,8.4793283505746331e-15,5,1134,1182,0,0,0,0
7,fruit_yarn_6,8.4793283505746331e-15,5,1134,1182,0,0,0,0
7,fruit_yarn_7,8.4793283505746331e-15,5,1134,1182,0,0,0,0
7,fruit_yarn_8,8.4793283505746331e-15,5,1134,1182,0,0,0,0
7,fruit_yarn_9,8.4793283505746331e-15,5,1134,1182,0,0,0,0
7,fruit_yarn_10,8.4793283505746331e-15,5,1134,1182,0,0,0,0
7,fruit_yarn_11,8.4793283505746331e-15,5,1134,1182,0,0,0,0
7,ground,8.4793283505746331e-15,5,1134,1182,0,0,0,0
7,coupled,8.4793283505746331e-15,5,1134,1182,0,0,0,0
7,local,8.4793283505746331e-15,5,1134,1182,0,0,0,0
7,fruit_pair,8.4793283505746331e-15,5,1134,1182,0,0,0,0
7,fruit_yarn_0,8.4793283505746331e-15,5,1134,1182,0,0,0,0
7,fruit_yarn_1,8.4793283505746331e-15,5,1134,1182,0,0,0,0
7,fruit_yarn_2,8.4793283505746331e-15,5,1134,1182,0,0,0,0
7,fruit_yarn_3,8.4793283505746331e-15,5,1134,1182,0,0,0,0
7,fruit_yarn_4,8.4793283505746331e-15,5,1134,1182,0,0,0,0
7,fruit_yarn_5,8.4793283505746331e-15,5,1134,1182,0,0,0,0
7,fruit_yarn_6,8.4793283505746331e-15,5,1134,1182,0,0,0,0
7,fruit_yarn_7,8.4793283505746331e-15,5,1134,1182,0,0,0,0
7,fruit_yarn_8,8.4793283505746331e-15,5,1134,1182,0,0,0,0
7,fruit_yarn_9,8.4793283505746331e-15,5,1134,1182,0,0,0,0
7,fruit_yarn_10,8.4793283505746331e-15,5,1134,1182,0,0,0,0
7,fruit_yarn_11,8.4793283505746331e-15,5,1134,1182,0,0,0,0
7,ground,8.4793283505746331e-15,5,1134,1182,0,0,0,0
7,coupled,8.4793283505746331e-15,5,1134,1182,0,0,0,0
8,primitive,8.4793283505746331e-15,5,1134,1182,0,0,0,0
8,strain,8.4793283505746331e-15,5,1134,1182,0,0,0,0
8,local,8.4793283505746331e-15,5,1134,1182,0,0,0,0
8,fruit_pair,8.4793283505746331e-15,5,1134,1182,0,0,0,0
8,fruit_yarn_0,8.4793283505746331e-15,5,1134,1182,0,0,0,0
8,fruit_yarn_1,8.4793283505746331e-15,5,1134,1182,0,0,0,0
8,fruit_yarn_2,8.4793283505746331e-15,5,1134,1182,0,0,0,0
8,fruit_yarn_3,8.4793283505746331e-15,5,1134,1182,0,0,0,0
8,fruit_yarn_4,8.4793283505746331e-15,5,1134,1182,0,0,0,0
8,fruit_yarn_5,8.4793283505746331e-15,5,1134,1182,0,0,0,0
8,fruit_yarn_6,8.4793283505746331e-15,5,1134,1182,0,0,0,0
8,fruit_yarn_7,8.4793283505746331e-15,5,1134,1182,0,0,0,0
8,fruit_yarn_8,8.4793283505746331e-15,5,1134,1182,0,0,0,0
8,fruit_yarn_9,8.4793283505746331e-15,5,1134,1182,0,0,0,0
8,fruit_yarn_10,8.4793283505746331e-15,5,1134,1182,0,0,0,0
8,fruit_yarn_11,8.4793283505746331e-15,5,1134,1182,0,0,0,0
8,ground,8.4793283505746331e-15,5,1134,1182,0,0,0,0
8,coupled,8.4793283505746331e-15,5,1134,1182,0,0,0,0
8,local,8.4793283505746331e-15,5,1134,1182,0,0,0,0
8,fruit_pair,8.4793283505746331e-15,5,1134,1182,0,0,0,0
8,fruit_yarn_0,8.4793283505746331e-15,5,1134,1182,0,0,0,0
8,fruit_yarn_1,8.4793283505746331e-15,5,1134,1182,0,0,0,0
8,fruit_yarn_2,8.4793283505746331e-15,5,1134,1182,0,0,0,0
8,fruit_yarn_3,8.4793283505746331e-15,5,1134,1182,0,0,0,0
8,fruit_yarn_4,8.4793283505746331e-15,5,1134,1182,0,0,0,0
8,fruit_yarn_5,8.4793283505746331e-15,5,1134,1182,0,0,0,0
8,fruit_yarn_6,8.4793283505746331e-15,5,1134,1182,0,0,0,0
8,fruit_yarn_7,8.4793283505746331e-15,5,1134,1182,0,0,0,0
8,fruit_yarn_8,8.4793283505746331e-15,5,1134,1182,0,0,0,0
8,fruit_yarn_9,8.4793283505746331e-15,5,1134,1182,0,0,0,0
8,fruit_yarn_10,8.4793283505746331e-15,5,1134,1182,0,0,0,0
8,fruit_yarn_11,8.4793283505746331e-15,5,1134,1182,0,0,0,0
8,ground,8.4793283505746331e-15,5,1134,1182,0,0,0,0
8,coupled,8.4793283505746331e-15,5,1134,1182,0,0,0,0
9,primitive,8.4793283505746331e-15,5,1134,1182,0,0,0,0
9,strain,8.4793283505746331e-15,5,1134,1182,0,0,0,0
9,local,8.4793283505746331e-15,5,1134,1182,0,0,0,0
9,fruit_pair,8.4793283505746331e-15,5,1134,1182,0,0,0,0
9,fruit_yarn_0,8.4793283505746331e-15,5,1134,1182,0,0,0,0
9,fruit_yarn_1,8.4793283505746331e-15,5,1134,1182,0,0,0,0
9,fruit_yarn_2,8.4793283505746331e-15,5,1134,1182,0,0,0,0
9,fruit_yarn_3,8.4793283505746331e-15,5,1134,1182,0,0,0,0
9,fruit_yarn_4,8.4793283505746331e-15,5,1134,1182,0,0,0,0
9,fruit_yarn_5,8.4793283505746331e-15,5,1134,1182,0,0,0,0
9,fruit_yarn_6,8.4793283505746331e-15,5,1134,1182,0,0,0,0
9,fruit_yarn_7,8.4793283505746331e-15,5,1134,1182,0,0,0,0
9,fruit_yarn_8,8.4793283505746331e-15,5,1134,1182,0,0,0,0
9,fruit_yarn_9,8.4793283505746331e-15,5,1134,1182,0,0,0,0
9,fruit_yarn_10,8.4793283505746331e-15,5,1134,1182,0,0,0,0
9,fruit_yarn_11,8.4793283505746331e-15,5,1134,1182,0,0,0,0
9,ground,8.4793283505746331e-15,5,1134,1182,0,0,0,0
9,coupled,8.4793283505746331e-15,5,1134,1182,0,0,0,0
9,local,8.4793283505746331e-15,5,1134,1182,0,0,0,0
9,fruit_pair,8.4793283505746331e-15,5,1134,1182,0,0,0,0
9,fruit_yarn_0,8.4793283505746331e-15,5,1134,1182,0,0,0,0
9,fruit_yarn_1,8.4793283505746331e-15,5,1134,1182,0,0,0,0
9,fruit_yarn_2,8.4793283505746331e-15,5,1134,1182,0,0,0,0
9,fruit_yarn_3,8.4793283505746331e-15,5,1134,1182,0,0,0,0
9,fruit_yarn_4,8.4793283505746331e-15,5,1134,1182,0,0,0,0
9,fruit_yarn_5,8.4793283505746331e-15,5,1134,1182,0,0,0,0
9,fruit_yarn_6,8.4793283505746331e-15,5,1134,1182,0,0,0,0
9,fruit_yarn_7,8.4793283505746331e-15,5,1134,1182,0,0,0,0
9,fruit_yarn_8,8.4793283505746331e-15,5,1134,1182,0,0,0,0
9,fruit_yarn_9,8.4793283505746331e-15,5,1134,1182,0,0,0,0
9,fruit_yarn_10,8.4793283505746331e-15,5,1134,1182,0,0,0,0
9,fruit_yarn_11,8.4793283505746331e-15,5,1134,1182,0,0,0,0
9,ground,8.4793283505746331e-15,5,1134,1182,0,0,0,0
9,coupled,8.4793283505746331e-15,5,1134,1182,0,0,0,0
10,primitive,8.4793283505746331e-15,5,1134,1182,0,0,0,0
10,strain,8.4793283505746331e-15,5,1134,1182,0,0,0,0
10,local,8.4793283505746331e-15,5,1134,1182,0,0,0,0
10,fruit_pair,8.4793283505746331e-15,5,1134,1182,0,0,0,0
10,fruit_yarn_0,8.4793283505746331e-15,5,1134,1182,0,0,0,0
10,fruit_yarn_1,8.4793283505746331e-15,5,1134,1182,0,0,0,0
10,fruit_yarn_2,8.4793283505746331e-15,5,1134,1182,0,0,0,0
10,fruit_yarn_3,8.4793283505746331e-15,5,1134,1182,0,0,0,0
10,fruit_yarn_4,8.4793283505746331e-15,5,1134,1182,0,0,0,0
10,fruit_yarn_5,8.4793283505746331e-15,5,1134,1182,0,0,0,0
10,fruit_yarn_6,8.4793283505746331e-15,5,1134,1182,0,0,0,0
10,fruit_yarn_7,8.4793283505746331e-15,5,1134,1182,0,0,0,0
10,fruit_yarn_8,8.4793283505746331e-15,5,1134,1182,0,0,0,0
10,fruit_yarn_9,8.4793283505746331e-15,5,1134,1182,0,0,0,0
10,fruit_yarn_10,8.4793283505746331e-15,5,1134,1182,0,0,0,0
10,fruit_yarn_11,8.4793283505746331e-15,5,1134,1182,0,0,0,0
10,ground,8.4793283505746331e-15,5,1134,1182,0,0,0,0
10,coupled,8.4793283505746331e-15,5,1134,1182,0,0,0,0
10,local,8.4793283505746331e-15,5,1134,1182,0,0,0,0
10,fruit_pair,8.4793283505746331e-15,5,1134,1182,0,0,0,0
10,fruit_yarn_0,8.4793283505746331e-15,5,1134,1182,0,0,0,0
10,fruit_yarn_1,8.4793283505746331e-15,5,1134,1182,0,0,0,0
10,fruit_yarn_2,8.4793283505746331e-15,5,1134,1182,0,0,0,0
10,fruit_yarn_3,8.4793283505746331e-15,5,1134,1182,0,0,0,0
10,fruit_yarn_4,8.4793283505746331e-15,5,1134,1182,0,0,0,0
10,fruit_yarn_5,8.4793283505746331e-15,5,1134,1182,0,0,0,0
10,fruit_yarn_6,8.4793283505746331e-15,5,1134,1182,0,0,0,0
10,fruit_yarn_7,8.4793283505746331e-15,5,1134,1182,0,0,0,0
10,fruit_yarn_8,8.4793283505746331e-15,5,1134,1182,0,0,0,0
10,fruit_yarn_9,8.4793283505746331e-15,5,1134,1182,0,0,0,0
10,fruit_yarn_10,8.4793283505746331e-15,5,1134,1182,0,0,0,0
10,fruit_yarn_11,8.4793283505746331e-15,5,1134,1182,0,0,0,0
10,ground,8.4793283505746331e-15,5,1134,1182,0,0,0,0
10,coupled,8.4793283505746331e-15,5,1134,1182,0,0,0,0
11,primitive,8.4793283505746331e-15,5,1134,1182,0,0,0,0
11,strain,8.4793283505746331e-15,5,1134,1182,0,0,0,0
11,local,8.4793283505746331e-15,5,1134,1182,0,0,0,0
11,fruit_pair,8.4793283505746331e-15,5,1134,1182,0,0,0,0
11,fruit_yarn_0,8.4793283505746331e-15,5,1134,1182,0,0,0,0
11,fruit_yarn_1,8.4793283505746331e-15,5,1134,1182,0,0,0,0
11,fruit_yarn_2,8.4793283505746331e-15,5,1134,1182,0,0,0,0
11,fruit_yarn_3,8.4793283505746331e-15,5,1134,1182,0,0,0,0
11,fruit_yarn_4,8.4793283505746331e-15,5,1134,1182,0,0,0,0
11,fruit_yarn_5,8.4793283505746331e-15,5,1134,1182,0,0,0,0
11,fruit_yarn_6,8.4793283505746331e-15,5,1134,1182,0,0,0,0
11,fruit_yarn_7,8.4793283505746331e-15,5,1134,1182,0,0,0,0
11,fruit_yarn_8,8.4793283505746331e-15,5,1134,1182,0,0,0,0
11,fruit_yarn_9,8.4793283505746331e-15,5,1134,1182,0,0,0,0
11,fruit_yarn_10,8.4793283505746331e-15,5,1134,1182,0,0,0,0
11,fruit_yarn_11,8.4793283505746331e-15,5,1134,1182,0,0,0,0
11,ground,8.4793283505746331e-15,5,1134,1182,0,0,0,0
11,coupled,8.4793283505746331e-15,5,1134,1182,0,0,0,0
11,local,8.4793283505746331e-15,5,1134,1182,0,0,0,0
11,fruit_pair,8.4793283505746331e-15,5,1134,1182,0,0,0,0
11,fruit_yarn_0,8.4793283505746331e-15,5,1134,1182,0,0,0,0
11,fruit_yarn_1,8.4793283505746331e-15,5,1134,1182,0,0,0,0
11,fruit_yarn_2,8.4793283505746331e-15,5,1134,1182,0,0,0,0
11,fruit_yarn_3,8.4793283505746331e-15,5,1134,1182,0,0,0,0
11,fruit_yarn_4,8.4793283505746331e-15,5,1134,1182,0,0,0,0
11,fruit_yarn_5,8.4793283505746331e-15,5,1134,1182,0,0,0,0
11,fruit_yarn_6,8.4793283505746331e-15,5,1134,1182,0,0,0,0
11,fruit_yarn_7,8.4793283505746331e-15,5,1134,1182,0,0,0,0
11,fruit_yarn_8,8.4793283505746331e-15,5,1134,1182,0,0,0,0
11,fruit_yarn_9,8.4793283505746331e-15,5,1134,1182,0,0,0,0
11,fruit_yarn_10,8.4793283505746331e-15,5,1134,1182,0,0,0,0
11,fruit_yarn_11,8.4793283505746331e-15,5,1134,1182,0,0,0,0
11,ground,8.4793283505746331e-15,5,1134,1182,0,0,0,0
11,coupled,8.4793283505746331e-15,5,1134,1182,0,0,0,0
12,primitive,8.4793283505746331e-15,5,1134,1182,0,0,0,0
12,strain,8.4793283505746331e-15,5,1134,1182,0,0,0,0
12,local,8.4793283505746331e-15,5,1134,1182,0,0,0,0
12,fruit_pair,8.4793283505746331e-15,5,1134,1182,0,0,0,0
12,fruit_yarn_0,8.4793283505746331e-15,5,1134,1182,0,0,0,0
12,fruit_yarn_1,8.4793283505746331e-15,5,1134,1182,0,0,0,0
12,fruit_yarn_2,8.4793283505746331e-15,5,1134,1182,0,0,0,0
12,fruit_yarn_3,8.4793283505746331e-15,5,1134,1182,0,0,0,0
12,fruit_yarn_4,8.4793283505746331e-15,5,1134,1182,0,0,0,0
12,fruit_yarn_5,8.4793283505746331e-15,5,1134,1182,0,0,0,0
12,fruit_yarn_6,8.4793283505746331e-15,5,1134,1182,0,0,0,0
12,fruit_yarn_7,8.4793283505746331e-15,5,1134,1182,0,0,0,0
12,fruit_yarn_8,8.4793283505746331e-15,5,1134,1182,0,0,0,0
12,fruit_yarn_9,8.4793283505746331e-15,5,1134,1182,0,0,0,0
12,fruit_yarn_10,8.4793283505746331e-15,5,1134,1182,0,0,0,0
12,fruit_yarn_11,8.4793283505746331e-15,5,1134,1182,0,0,0,0
12,ground,8.4793283505746331e-15,5,1134,1182,0,0,0,0
12,coupled,8.4793283505746331e-15,5,1134,1182,0,0,0,0
12,local,8.4793283505746331e-15,5,1134,1182,0,0,0,0
12,fruit_pair,8.4793283505746331e-15,5,1134,1182,0,0,0,0
12,fruit_yarn_0,8.4793283505746331e-15,5,1134,1182,0,0,0,0
12,fruit_yarn_1,8.4793283505746331e-15,5,1134,1182,0,0,0,0
12,fruit_yarn_2,8.4793283505746331e-15,5,1134,1182,0,0,0,0
12,fruit_yarn_3,8.4793283505746331e-15,5,1134,1182,0,0,0,0
12,fruit_yarn_4,8.4793283505746331e-15,5,1134,1182,0,0,0,0
12,fruit_yarn_5,8.4793283505746331e-15,5,1134,1182,0,0,0,0
12,fruit_yarn_6,8.4793283505746331e-15,5,1134,1182,0,0,0,0
12,fruit_yarn_7,8.4793283505746331e-15,5,1134,1182,0,0,0,0
12,fruit_yarn_8,8.4793283505746331e-15,5,1134,1182,0,0,0,0
12,fruit_yarn_9,8.4793283505746331e-15,5,1134,1182,0,0,0,0
12,fruit_yarn_10,8.4793283505746331e-15,5,1134,1182,0,0,0,0
12,fruit_yarn_11,8.4793283505746331e-15,5,1134,1182,0,0,0,0
12,ground,8.4793283505746331e-15,5,1134,1182,0,0,0,0
12,coupled,8.4793283505746331e-15,5,1134,1182,0,0,0,0
