frame,time_s,accepted_steps,rejected_steps,normal_kinetic_loss_J,contact_elastic_change_J,contact_gravity_change_J,contact_mechanical_change_J,maximum_positive_contact_step_J,free_integration_change_J,absolute_free_integration_change_J,maximum_absolute_free_step_J,elastic_force_work_J,absolute_position_projection_work_J,maximum_position_projection_step_J,maximum_absolute_contact_step_J,positive_contact_work_J,contact_kinetic_change_J,contact_force_response_change_J,absolute_contact_force_response_change_J,maximum_contact_force_response_step_J,integrator,independent_mechanical_energy_J
0,0,0,0,0,0,0,0,0,0,0,0,0,0,0,0,0,0,0,0,0,1,0.528692334548
1,0.005,50,0,0,0,0,0,0,1.01636103977e-08,5.7614272464e-07,2.15614477383e-08,1.08059328273e-16,0,0,0,0,0,0,0,0,1,0.528692345497
2,0.01,100,0,0,0,0,0,0,4.15484322502e-08,1.15583270599e-06,2.15614477383e-08,4.01857788226e-16,0,0,0,0,0,0,0,0,1,0.528692377164
3,0.015,150,0,0,0,0,0,0,4.88032583235e-08,1.73986052232e-06,2.16917133145e-08,3.81682939378e-14,0,0,0,0,0,0,0,0,1,0.52869238706
4,0.02,200,0,0,0,0,0,0,8.10302580589e-08,2.32333923122e-06,2.18504681015e-08,6.81662788281e-13,0,0,0,0,0,0,0,0,1,0.528692421321
5,0.025,250,0,0,0,0,0,0,9.04450701e-08,2.8990195915e-06,2.18504681015e-08,3.40597190208e-12,0,0,0,0,0,0,0,0,1,0.528692431768
6,0.03,300,0,0,0,0,0,0,8.82205952735e-08,3.45027115145e-06,2.18504681015e-08,1.82688326272e-11,0,0,0,0,0,0,0,0,1,0.528692434627
7,0.035,350,0,0,0,0,0,0,1.01727415824e-07,3.94237076762e-06,2.18504681015e-08,7.04328470547e-11,0,0,0,0,0,0,0,0,1,0.528692448687
8,0.04,400,0,0,0,0,0,0,1.12244720185e-07,4.37087010141e-06,2.18504681015e-08,1.68613803475e-10,0,0,0,0,0,0,0,0,1,0.528692460336
9,0.045,450,0,0,0,0,0,0,1.10402552878e-07,4.78669790027e-06,2.18504681015e-08,2.98650076891e-10,0,0,0,0,0,0,0,0,1,0.528692459019
10,0.05,500,0,0,0,0,0,0,1.15561967107e-07,5.16453292221e-06,2.18504681015e-08,4.48025699873e-10,0,0,0,0,0,0,0,0,1,0.528692463707
11,0.055,550,0,0,0,0,0,0,1.12694358734e-07,5.50079266759e-06,2.18504681015e-08,6.34743091421e-10,0,0,0,0,0,0,0,0,1,0.528692460383
12,0.06,600,0,0,0,0,0,0,1.13352228936e-07,5.83806649956e-06,2.18504681015e-08,8.34651903148e-10,0,0,0,0,0,0,0,0,1,0.528692461051
13,0.065,650,0,0,0,0,0,0,1.21098437944e-07,6.15232556811e-06,2.18504681015e-08,1.04426389758e-09,0,0,0,0,0,0,0,0,1,0.528692469377
14,0.07,700,0,0,0,0,0,0,1.28200284166e-07,6.42416989649e-06,2.18504681015e-08,1.29059618548e-09,0,0,0,0,0,0,0,0,1,0.528692476103
15,0.075,750,0,0,0,0,0,0,1.30923552888e-07,6.69185055813e-06,2.18504681015e-08,1.54196233559e-09,0,0,0,0,0,0,0,0,1,0.528692478995
16,0.08,800,0,0,0,0,0,0,1.319981493e-07,6.93328684065e-06,2.18504681015e-08,1.81799864052e-09,0,0,0,0,0,0,0,0,1,0.528692480363
17,0.085,850,0,0,0,0,0,0,1.33434056693e-07,7.13784447726e-06,2.18504681015e-08,2.10550576973e-09,0,0,0,0,0,0,0,0,1,0.528692480724
18,0.09,900,0,0,0,0,0,0,1.33295216642e-07,7.321479643e-06,2.18504681015e-08,2.40293052123e-09,0,0,0,0,0,0,0,0,1,0.528692481933
19,0.095,950,0,0,0,0,0,0,1.38217359336e-07,7.48407182982e-06,2.18504681015e-08,2.70708588879e-09,0,0,0,0,0,0,0,0,1,0.52869248466
20,0.1,1000,0,0,0,0,0,0,1.39870238058e-07,7.61162255003e-06,2.18504681015e-08,3.00952862631e-09,0,0,0,0,0,0,0,0,1,0.528692487025
21,0.105,1050,0,0,0,0,0,0,1.36743693702e-07,7.71298073232e-06,2.18504681015e-08,3.31206284621e-09,0,0,0,0,0,0,0,0,1,0.528692483582
22,0.11,1100,0,0,0,0,0,0,1.29867842702e-07,7.80247864896e-06,2.18504681015e-08,3.65724694973e-09,0,0,0,0,0,0,0,0,1,0.528692477817
23,0.115,1150,0,0,0,0,0,0,1.32648807494e-07,7.85985957918e-06,2.18504681015e-08,3.96764265886e-09,0,0,0,0,0,0,0,0,1,0.528692479845
24,0.12,1200,0,0,0,0,0,0,1.31814786641e-07,7.91000366007e-06,2.18504681015e-08,4.30844959709e-09,0,0,0,0,0,0,0,0,1,0.5286924788
25,0.125,1250,0,0,0,0,0,0,1.17931797661e-07,7.9640885815e-06,2.18504681015e-08,4.64507632358e-09,0,0,0,0,0,0,0,0,1,0.528692465312
26,0.13,1300,0,0,0,0,0,0,1.10195571779e-07,8.00381258159e-06,2.18504681015e-08,4.98959318307e-09,0,0,0,0,0,0,0,0,1,0.528692458246
27,0.135,1350,0,0,0,0,0,0,1.12825006227e-07,8.04123101261e-06,2.18504681015e-08,5.36116440131e-09,0,0,0,0,0,0,0,0,1,0.528692460666
28,0.14,1400,0,0,0,0,0,0,1.12398858221e-07,8.07847663964e-06,2.18504681015e-08,5.70186031723e-09,0,0,0,0,0,0,0,0,1,0.528692459252
29,0.145,1450,0,0,0,0,0,0,1.18626424239e-07,8.11162044556e-06,2.18504681015e-08,6.07904615535e-09,0,0,0,0,0,0,0,0,1,0.52869246566
30,0.15,1500,0,0,0,0,0,0,1.19260874953e-07,8.15084786154e-06,2.18504681015e-08,6.47003250975e-09,0,0,0,0,0,0,0,0,1,0.528692466996
31,0.155,1550,0,0,0,0,0,0,1.1698707425e-07,8.18049466034e-06,2.18504681015e-08,6.85090606467e-09,0,0,0,0,0,0,0,0,1,0.528692464865
32,0.16,1600,0,0,0,0,0,0,1.07055235787e-07,8.22085348773e-06,2.18504681015e-08,7.256761414e-09,0,0,0,0,0,0,0,0,1,0.528692454867
33,0.165,1650,0,0.00379049126059,-1.06576280814e-05,3.53648874807e-06,-0.00380919524468,0,3.36409266311e-06,1.18830284919e-05,3.51103153662e-07,-0.0129916630685,5.65755253774e-05,1.95921802515e-05,0.00122394529171,0,-0.00380207411945,-1.15828934213e-05,3.56237069354e-05,8.87649366632e-06,1,0.524886522597
34,0.17,1700,0,0.00767767895013,-3.74047122023e-05,6.90243268764e-06,-0.00770589942113,0,5.9502572185e-06,5.01892573084e-05,2.0594666239e-06,-0.0697895288467,0.000143458266393,2.32539914578e-05,0.00122394529171,0,-0.00767539860681,2.28016028814e-06,0.000103665872302,1.00476318039e-05,1,0.520992511712
35,0.175,1750,0,0.00923101138324,-4.41122829216e-05,8.61839635036e-06,-0.00926373898983,0,-3.68726205124e-07,8.48677955219e-05,2.09149948205e-06,-0.156725943089,0.000196679073269,2.32539914578e-05,0.00122394529171,0,-0.00922824814916,2.7620808396e-06,0.000152411070303,1.00476318039e-05,1,0.519428613943
36,0.18,1800,0,0.0100064305589,-5.5171414715e-05,9.88263400359e-06,-0.0100438017398,0,-8.39857239043e-06,0.000178471469553,4.78037827634e-06,-0.247892379761,0.000222049173317,2.32539914578e-05,0.00122394529171,0,-0.00999851617962,7.91402908362e-06,0.000168962171301,1.00476318039e-05,1,0.518640727934
37,0.185,1850,0,0.0101985055953,-4.30986328865e-05,1.0325193216e-05,-0.0102317342535,0,-1.18442821986e-05,0.000282123190118,5.00266287418e-06,-0.295935422182,0.000241526708123,2.32539914578e-05,0.00122394529171,0,-0.0101989675313,-4.61509927163e-07,0.000185576078366,1.00476318039e-05,1,0.518449352121
38,0.19,1900,0,0.0103086140007,-4.47544662165e-05,1.05955987237e-05,-0.0103413453326,0,-7.94454626885e-06,0.00035045214463,5.00266287418e-06,-0.315691769123,0.000248450378422,2.32539914578e-05,0.00122394529171,0,-0.0103071928024,1.4209241499e-06,0.000191737621208,1.00476318039e-05,1,0.518343626935
39,0.195,1950,0,0.0103187635541,-4.44329089078e-05,1.06576171675e-05,-0.010351751931,2.72280242797e-09,-2.61308514382e-06,0.000428229977842,5.00266287418e-06,-0.282490581274,0.000249727832852,2.32539914578e-05,0.00122394529171,2.72280242797e-09,-0.0103179821745,7.80133518674e-07,0.000192984618479,1.00476318039e-05,1,0.518338560481
40,0.2,2000,0,0.0103688575327,-4.10641514463e-05,1.07792948256e-05,-0.0104038417339,2.72280242797e-09,-8.46452735459e-07,0.000485086347908,5.00266287418e-06,-0.150307446718,0.00025327160256,2.32539914578e-05,0.00122394529171,2.72280242797e-09,-0.0103735607117,-4.70502527605e-06,0.000198547990294,1.00476318039e-05,1,0.518288251727
41,0.205,2050,0,0.0104149226099,-3.80684614356e-05,1.0970976291e-05,-0.0104491729289,2.72280242797e-09,2.09132167583e-07,0.000520832603797,5.00266287418e-06,-0.0281860735267,0.000257348438026,2.32539914578e-05,0.00122394529171,2.72280242797e-09,-0.0104220798239,-7.15685519026e-06,0.000202128707315,1.00476318039e-05,1,0.518243963637
42,0.21,2100,0,0.0104563869536,-3.91941684939e-05,1.10915125333e-05,-0.010490834713,2.72280242797e-09,-5.17516627951e-06,0.000548361917026,5.00266287418e-06,0.0095628509298,0.000259592547081,2.32539914578e-05,0.00122394529171,2.72280242797e-09,-0.0104627376422,-6.35036485619e-06,0.000204131865758,1.00476318039e-05,1,0.518196933627
43,0.215,2150,0,0.0104615027085,-3.91355206375e-05,1.1097839888e-05,-0.0104960333556,2.72280242797e-09,3.23237236444e-06,0.000564193411265,5.00266287418e-06,-0.000826614792459,0.000259657506831,2.32539914578e-05,0.00122394529171,2.72280242797e-09,-0.0104680014774,-6.49819912724e-06,0.000204279698664,1.00476318039e-05,1,0.518200136583
44,0.22,2200,0,0.0104615027085,-3.91355206375e-05,1.1097839888e-05,-0.0104960333556,2.72280242797e-09,1.22827759697e-06,0.000586703827139,5.00266287418e-06,0.0301737245172,0.000259657506831,2.32539914578e-05,0.00122394529171,2.72280242797e-09,-0.0104680014774,-6.49819912724e-06,0.000204279698664,1.00476318039e-05,1,0.518198126153
45,0.225,2250,0,0.0104710021988,-3.87366089853e-05,1.11351546366e-05,-0.0105051537976,2.72280242797e-09,8.77434649738e-06,0.000607306894381,5.00266287418e-06,0.0332772806287,0.000260093744146,2.32539914578e-05,0.00122394529171,2.72280242797e-09,-0.0104775587097,-6.55558778817e-06,0.00020461861277,1.00476318039e-05,1,0.518196546127
46,0.23,2300,0,0.0104710021988,-3.87366089853e-05,1.11351546366e-05,-0.0105051537976,2.72280242797e-09,2.39639803112e-06,0.000619477650616,5.00266287418e-06,0.0813103169203,0.000260093744146,2.32539914578e-05,0.00122394529171,2.72280242797e-09,-0.0104775587097,-6.55558778817e-06,0.00020461861277,1.00476318039e-05,1,0.518190170976
47,0.235,2350,0,0.0104710021988,-3.87366089853e-05,1.11351546366e-05,-0.0105051537976,2.72280242797e-09,-4.95180756843e-07,0.000632303941529,5.00266287418e-06,0.104332752526,0.000260093744146,2.32539914578e-05,0.00122394529171,2.72280242797e-09,-0.0104775587097,-6.55558778817e-06,0.00020461861277,1.00476318039e-05,1,0.518187286038
48,0.24,2400,0,0.0104710021988,-3.87366089853e-05,1.11351546366e-05,-0.0105051537976,2.72280242797e-09,9.94006768451e-07,0.000648948538583,5.00266287418e-06,0.0945306271315,0.000260093744146,2.32539914578e-05,0.00122394529171,2.72280242797e-09,-0.0104775587097,-6.55558778817e-06,0.00020461861277,1.00476318039e-05,1,0.51818877283
49,0.245,2450,0,0.0104710021988,-3.87366089853e-05,1.11351546366e-05,-0.0105051537976,2.72280242797e-09,-1.26175757487e-06,0.000659774872474,5.00266287418e-06,0.122561685741,0.000260093744146,2.32539914578e-05,0.00122394529171,2.72280242797e-09,-0.0104775587097,-6.55558778817e-06,0.00020461861277,1.00476318039e-05,1,0.518186517188
50,0.25,2500,0,0.0104710021988,-3.87366089853e-05,1.11351546366e-05,-0.0105051537976,2.72280242797e-09,3.25122778122e-06,0.000674623879604,5.00266287418e-06,0.114686951041,0.000260093744146,2.32539914578e-05,0.00122394529171,2.72280242797e-09,-0.0104775587097,-6.55558778817e-06,0.00020461861277,1.00476318039e-05,1,0.518191024026
51,0.255,2550,0,0.0104710021988,-3.87366089853e-05,1.11351546366e-05,-0.0105051537976,2.72280242797e-09,5.46625005882e-06,0.000683928199578,5.00266287418e-06,0.0890762582421,0.000260093744146,2.32539914578e-05,0.00122394529171,2.72280242797e-09,-0.0104775587097,-6.55558778817e-06,0.00020461861277,1.00476318039e-05,1,0.518193210473
52,0.26,2600,0,0.0104710021988,-3.87366089853e-05,1.11351546366e-05,-0.0105051537976,2.72280242797e-09,2.24745940614e-06,0.000694843765814,5.00266287418e-06,0.150902047753,0.000260093744146,2.32539914578e-05,0.00122394529171,2.72280242797e-09,-0.0104775587097,-6.55558778817e-06,0.00020461861277,1.00476318039e-05,1,0.518189988197
53,0.265,2650,0,0.0104710021988,-3.87366089853e-05,1.11351546366e-05,-0.0105051537976,2.72280242797e-09,-3.43523288393e-06,0.000705911545083,5.00266287418e-06,0.195969223976,0.000260093744146,2.32539914578e-05,0.00122394529171,2.72280242797e-09,-0.0104775587097,-6.55558778817e-06,0.00020461861277,1.00476318039e-05,1,0.518184321899
54,0.27,2700,0,0.0104710021988,-3.87366089853e-05,1.11351546366e-05,-0.0105051537976,2.72280242797e-09,-1.37614961204e-06,0.000713129411452,5.00266287418e-06,0.163856431842,0.000260093744146,2.32539914578e-05,0.00122394529171,2.72280242797e-09,-0.0104775587097,-6.55558778817e-06,0.00020461861277,1.00476318039e-05,1,0.518186387284
55,0.275,2750,0,0.0104710021988,-3.87366089853e-05,1.11351546366e-05,-0.0105051537976,2.72280242797e-09,-1.20339223031e-06,0.000723773438949,5.00266287418e-06,0.178458437324,0.000260093744146,2.32539914578e-05,0.00122394529171,2.72280242797e-09,-0.0104775587097,-6.55558778817e-06,0.00020461861277,1.00476318039e-05,1,0.518186546418
56,0.28,2800,0,0.0104710021988,-3.87366089853e-05,1.11351546366e-05,-0.0105051537976,2.72280242797e-09,5.16085151503e-07,0.000744460849091,5.00266287418e-06,0.194959998131,0.000260093744146,2.32539914578e-05,0.00122394529171,2.72280242797e-09,-0.0104775587097,-6.55558778817e-06,0.00020461861277,1.00476318039e-05,1,0.518188262164
57,0.285,2850,0,0.0104710021988,-3.87366089853e-05,1.11351546366e-05,-0.0105051537976,2.72280242797e-09,9.73770056589e-07,0.00075733975973,5.00266287418e-06,0.196315228939,0.000260093744146,2.32539914578e-05,0.00122394529171,2.72280242797e-09,-0.0104775587097,-6.55558778817e-06,0.00020461861277,1.00476318039e-05,1,0.518188722885
58,0.29,2900,0,0.0104710021988,-3.87366089853e-05,1.11351546366e-05,-0.0105051537976,2.72280242797e-09,-2.40364465753e-06,0.000768211612012,5.00266287418e-06,0.235241383314,0.000260093744146,2.32539914578e-05,0.00122394529171,2.72280242797e-09,-0.0104775587097,-6.55558778817e-06,0.00020461861277,1.00476318039e-05,1,0.518185354105
59,0.295,2950,0,0.0104710021988,-3.87366089853e-05,1.11351546366e-05,-0.0105051537976,2.72280242797e-09,-2.2442682166e-06,0.000782747229096,5.00266287418e-06,0.233225718141,0.000260093744146,2.32539914578e-05,0.00122394529171,2.72280242797e-09,-0.0104775587097,-6.55558778817e-06,0.00020461861277,1.00476318039e-05,1,0.518185520903
60,0.3,3000,0,0.0104710021988,-3.87366089853e-05,1.11351546366e-05,-0.0105051537976,2.72280242797e-09,-5.78013896302e-06,0.000792126171291,5.00266287418e-06,0.257738471031,0.000260093744146,2.32539914578e-05,0.00122394529171,2.72280242797e-09,-0.0104775587097,-6.55558778817e-06,0.00020461861277,1.00476318039e-05,1,0.518181989247
61,0.305,3050,0,0.0104710021988,-3.87366089853e-05,1.11351546366e-05,-0.0105051537976,2.72280242797e-09,-6.06110234003e-06,0.000800547364634,5.00266287418e-06,0.293517380953,0.000260093744146,2.32539914578e-05,0.00122394529171,2.72280242797e-09,-0.0104775587097,-6.55558778817e-06,0.00020461861277,1.00476318039e-05,1,0.518181700904
62,0.31,3100,0,0.0104710021988,-3.87366089853e-05,1.11351546366e-05,-0.0105051537976,2.72280242797e-09,-4.43671979156e-08,0.000811944133602,5.00266287418e-06,0.251892745495,0.000260093744146,2.32539914578e-05,0.00122394529171,2.72280242797e-09,-0.0104775587097,-6.55558778817e-06,0.00020461861277,1.00476318039e-05,1,0.51818770303
63,0.315,3150,0,0.0104710021988,-3.87366089853e-05,1.11351546366e-05,-0.0105051537976,2.72280242797e-09,-1.13277110358e-07,0.000821909750812,5.00266287418e-06,0.267021715641,0.000260093744146,2.32539914578e-05,0.00122394529171,2.72280242797e-09,-0.0104775587097,-6.55558778817e-06,0.00020461861277,1.00476318039e-05,1,0.518187632125
64,0.32,3200,0,0.0104710021988,-3.87366089853e-05,1.11351546366e-05,-0.0105051537976,2.72280242797e-09,-4.62629941467e-06,0.000833062920719,5.00266287418e-06,0.339842498302,0.000260093744146,2.32539914578e-05,0.00122394529171,2.72280242797e-09,-0.0104775587097,-6.55558778817e-06,0.00020461861277,1.00476318039e-05,1,0.518183141767
65,0.325,3250,0,0.0104710021988,-3.87366089853e-05,1.11351546366e-05,-0.0105051537976,2.72280242797e-09,-6.12640815234e-06,0.000848763564136,5.00266287418e-06,0.328365921974,0.000260093744146,2.32539914578e-05,0.00122394529171,2.72280242797e-09,-0.0104775587097,-6.55558778817e-06,0.00020461861277,1.00476318039e-05,1,0.518181646344
66,0.33,3300,0,0.0104710021988,-3.87366089853e-05,1.11351546366e-05,-0.0105051537976,2.72280242797e-09,-6.67711719871e-06,0.000868291768711,5.00266287418e-06,0.333352088928,0.000260093744146,2.32539914578e-05,0.00122394529171,2.72280242797e-09,-0.0104775587097,-6.55558778817e-06,0.00020461861277,1.00476318039e-05,1,0.518181100193
67,0.335,3350,0,0.0104710021988,-3.87366089853e-05,1.11351546366e-05,-0.0105051537976,2.72280242797e-09,-6.36199183646e-06,0.000877904240042,5.00266287418e-06,0.381606698036,0.000260093744146,2.32539914578e-05,0.00122394529171,2.72280242797e-09,-0.0104775587097,-6.55558778817e-06,0.00020461861277,1.00476318039e-05,1,0.518181407232
68,0.34,3400,0,0.0104710021988,-3.87366089853e-05,1.11351546366e-05,-0.0105051537976,2.72280242797e-09,-1.85136673281e-06,0.000887610134669,5.00266287418e-06,0.348122477531,0.000260093744146,2.32539914578e-05,0.00122394529171,2.72280242797e-09,-0.0104775587097,-6.55558778817e-06,0.00020461861277,1.00476318039e-05,1,0.518185911049
69,0.345,3450,0,0.0104710021988,-3.87366089853e-05,1.11351546366e-05,-0.0105051537976,2.72280242797e-09,-1.52098596118e-06,0.000898294558283,5.00266287418e-06,0.369044572115,0.000260093744146,2.32539914578e-05,0.00122394529171,2.72280242797e-09,-0.0104775587097,-6.55558778817e-06,0.00020461861277,1.00476318039e-05,1,0.518186252471
70,0.35,3500,0,0.0104710021988,-3.87366089853e-05,1.11351546366e-05,-0.0105051537976,2.72280242797e-09,-8.80726838659e-06,0.000916013494134,5.00266287418e-06,0.430790513754,0.000260093744146,2.32539914578e-05,0.00122394529171,2.72280242797e-09,-0.0104775587097,-6.55558778817e-06,0.00020461861277,1.00476318039e-05,1,0.518178957508
71,0.355,3550,0,0.0104710021988,-3.87366089853e-05,1.11351546366e-05,-0.0105051537976,2.72280242797e-09,-1.02916083051e-05,0.000939963618293,5.00266287418e-06,0.415700078011,0.000260093744146,2.32539914578e-05,0.00122394529171,2.72280242797e-09,-0.0104775587097,-6.55558778817e-06,0.00020461861277,1.00476318039e-05,1,0.518177481784
72,0.36,3600,0,0.0104710021988,-3.87366089853e-05,1.11351546366e-05,-0.0105051537976,2.72280242797e-09,-8.52299035614e-06,0.000958972028457,5.00266287418e-06,0.454602271318,0.000260093744146,2.32539914578e-05,0.00122394529171,2.72280242797e-09,-0.0104775587097,-6.55558778817e-06,0.00020461861277,1.00476318039e-05,1,0.518179242498
73,0.365,3650,0,0.0104710021988,-3.87366089853e-05,1.11351546366e-05,-0.0105051537976,2.72280242797e-09,-5.24628740095e-06,0.000980072305538,5.00266287418e-06,0.457466840744,0.000260093744146,2.32539914578e-05,0.00122394529171,2.72280242797e-09,-0.0104775587097,-6.55558778817e-06,0.00020461861277,1.00476318039e-05,1,0.518182506186
74,0.37,3700,0,0.0104710021988,-3.87366089853e-05,1.11351546366e-05,-0.0105051537976,2.72280242797e-09,-1.63051424806e-07,0.000997789204121,5.00266287418e-06,0.436446517706,0.000260093744146,2.32539914578e-05,0.00122394529171,2.72280242797e-09,-0.0104775587097,-6.55558778817e-06,0.00020461861277,1.00476318039e-05,1,0.518187591588
75,0.375,3750,0,0.0104710021988,-3.87366089853e-05,1.11351546366e-05,-0.0105051537976,2.72280242797e-09,-3.28695477947e-06,0.00101456302218,5.00266287418e-06,0.49123030901,0.000260093744146,2.32539914578e-05,0.00122394529171,2.72280242797e-09,-0.0104775587097,-6.55558778817e-06,0.00020461861277,1.00476318039e-05,1,0.51818446296
76,0.38,3800,0,0.0104710021988,-3.87366089853e-05,1.11351546366e-05,-0.0105051537976,2.72280242797e-09,-1.01469959191e-05,0.00103306444362,5.00266287418e-06,0.52299284935,0.000260093744146,2.32539914578e-05,0.00122394529171,2.72280242797e-09,-0.0104775587097,-6.55558778817e-06,0.00020461861277,1.00476318039e-05,1,0.518177612402
77,0.385,3850,0,0.0104710021988,-3.87366089853e-05,1.11351546366e-05,-0.0105051537976,2.72280242797e-09,-9.94434867607e-06,0.00105418276507,5.00266287418e-06,0.506469786167,0.000260093744146,2.32539914578e-05,0.00122394529171,2.72280242797e-09,-0.0104775587097,-6.55558778817e-06,0.00020461861277,1.00476318039e-05,1,0.51817781136
78,0.39,3900,0,0.0104710021988,-3.87366089853e-05,1.11351546366e-05,-0.0105051537976,2.72280242797e-09,-1.00911411209e-05,0.00106497446541,5.00266287418e-06,0.560761809349,0.000260093744146,2.32539914578e-05,0.00122394529171,2.72280242797e-09,-0.0104775587097,-6.55558778817e-06,0.00020461861277,1.00476318039e-05,1,0.51817765546
79,0.395,3950,0,0.0104710021988,-3.87366089853e-05,1.11351546366e-05,-0.0105051537976,2.72280242797e-09,-6.67580980007e-06,0.0010760986479,5.00266287418e-06,0.568796873093,0.000260093744146,2.32539914578e-05,0.00122394529171,2.72280242797e-09,-0.0104775587097,-6.55558778817e-06,0.00020461861277,1.00476318039e-05,1,0.518181058583
80,0.4,4000,0,0.0104710021988,-3.87366089853e-05,1.11351546366e-05,-0.0105051537976,2.72280242797e-09,-1.39034114e-06,0.00109156966209,5.00266287418e-06,0.540772140026,0.000260093744146,2.32539914578e-05,0.00122394529171,2.72280242797e-09,-0.0104775587097,-6.55558778817e-06,0.00020461861277,1.00476318039e-05,1,0.518186354175
81,0.405,4050,0,0.0104710021988,-3.87366089853e-05,1.11351546366e-05,-0.0105051537976,2.72280242797e-09,-1.05468698166e-05,0.0011062460253,5.00266287418e-06,0.596516728401,0.000260093744146,2.32539914578e-05,0.00122394529171,2.72280242797e-09,-0.0104775587097,-6.55558778817e-06,0.00020461861277,1.00476318039e-05,1,0.51817720197
82,0.41,4100,0,0.0104710021988,-3.87366089853e-05,1.11351546366e-05,-0.0105051537976,2.72280242797e-09,-1.03314832813e-05,0.00111938687041,5.00266287418e-06,0.622946560383,0.000260093744146,2.32539914578e-05,0.00122394529171,2.72280242797e-09,-0.0104775587097,-6.55558778817e-06,0.00020461861277,1.00476318039e-05,1,0.518177426003
83,0.415,4150,0,0.0104710021988,-3.87366089853e-05,1.11351546366e-05,-0.0105051537976,2.72280242797e-09,-1.64562570717e-05,0.00114201486576,5.00266287418e-06,0.633937060833,0.000260093744146,2.32539914578e-05,0.00122394529171,2.72280242797e-09,-0.0104775587097,-6.55558778817e-06,0.00020461861277,1.00476318039e-05,1,0.518171307334
84,0.42,4200,0,0.0104710021988,-3.87366089853e-05,1.11351546366e-05,-0.0105051537976,2.72280242797e-09,-1.30628104671e-05,0.00116100150626,5.00266287418e-06,0.66998809576,0.000260093744146,2.32539914578e-05,0.00122394529171,2.72280242797e-09,-0.0104775587097,-6.55558778817e-06,0.00020461861277,1.00476318039e-05,1,0.518174690009
85,0.425,4250,0,0.0104710021988,-3.87366089853e-05,1.11351546366e-05,-0.0105051537976,2.72280242797e-09,-7.93823164713e-06,0.00117854075506,5.00266287418e-06,0.66445094347,0.000260093744146,2.32539914578e-05,0.00122394529171,2.72280242797e-09,-0.0104775587097,-6.55558778817e-06,0.00020461861277,1.00476318039e-05,1,0.518179804232
86,0.43,4300,0,0.0104710021988,-3.87366089853e-05,1.11351546366e-05,-0.0105051537976,2.72280242797e-09,-5.31609566679e-06,0.00119280000217,5.00266287418e-06,0.663715660572,0.000260093744146,2.32539914578e-05,0.00122394529171,2.72280242797e-09,-0.0104775587097,-6.55558778817e-06,0.00020461861277,1.00476318039e-05,1,0.518182422498
87,0.435,4350,0,0.0104710021988,-3.87366089853e-05,1.11351546366e-05,-0.0105051537976,2.72280242797e-09,-1.31442757265e-05,0.00120871444233,5.00266287418e-06,0.713344037533,0.000260093744146,2.32539914578e-05,0.00122394529171,2.72280242797e-09,-0.0104775587097,-6.55558778817e-06,0.00020461861277,1.00476318039e-05,1,0.518174606221
88,0.44,4400,0,0.0104710021988,-3.87366089853e-05,1.11351546366e-05,-0.0105051537976,2.72280242797e-09,-1.30863581944e-05,0.00122925662436,5.00266287418e-06,0.723331153393,0.000260093744146,2.32539914578e-05,0.00122394529171,2.72280242797e-09,-0.0104775587097,-6.55558778817e-06,0.00020461861277,1.00476318039e-05,1,0.51817466751
89,0.445,4450,0,0.0104710021988,-3.87366089853e-05,1.11351546366e-05,-0.0105051537976,2.72280242797e-09,-1.96360288101e-05,0.00125844136346,5.00266287418e-06,0.773148238659,0.000260093744146,2.32539914578e-05,0.00122394529171,2.72280242797e-09,-0.0104775587097,-6.55558778817e-06,0.00020461861277,1.00476318039e-05,1,0.518168111161
90,0.45,4500,0,0.0200395807624,-0.000154544846737,1.54060653585e-05,-0.0201155208051,2.72280242797e-09,-8.71685733728e-06,0.0012826344464,5.00266287418e-06,0.780099153519,0.000433869601693,3.36631746904e-05,0.00122394529171,2.72280242797e-09,-0.0199763868004,6.31945586065e-05,0.000339872087352,2.33713071793e-05,1,0.508568655369
91,0.455,4550,0,0.0244774669409,-0.000105625826109,1.79117760126e-05,-0.0245491433889,2.72280242797e-09,-1.93709529412e-05,0.00148894486483,1.20926179079e-05,0.731172859669,0.000593956268858,4.92262552143e-05,0.00122394529171,2.72280242797e-09,-0.0244614314288,1.60347699421e-05,0.000523203692865,3.67361717508e-05,1,0.504124354424
92,0.46,4600,0,0.0248949415982,-7.4886411312e-05,1.82953481271e-05,-0.0249694976956,2.72280242797e-09,-1.75996083271e-05,0.00158170273062,1.20926179079e-05,0.799577355385,0.000639638397843,4.92262552143e-05,0.00122394529171,2.72280242797e-09,-0.0249129086733,-1.79708622454e-05,0.000567051465623,3.67361717508e-05,1,0.503705771675
93,0.465,4650,0,0.0251097101718,-5.38972708455e-05,1.86231318366e-05,-0.0251808334142,2.72280242797e-09,-2.43385165959e-05,0.00163995963521,1.20926179079e-05,0.822871208191,0.000668178603519,4.92262552143e-05,0.00122394529171,2.72280242797e-09,-0.0251455586404,-3.58491124643e-05,0.000592758296989,3.67361717508e-05,1,0.503487715758
94,0.47,4700,0,0.0267869476229,7.67534766055e-06,2.03124454856e-05,-0.0268480349332,2.72280242797e-09,-4.0444851038e-05,0.00169317924883,1.20926179079e-05,0.825036942959,0.000774522719439,4.92262552143e-05,0.00122394529171,2.72280242797e-09,-0.0268760211766,-8.90773444553e-05,0.000685267732479,3.67361717508e-05,1,0.501804407713
95,0.475,4750,0,0.0305461362004,3.76601237804e-05,2.32765814872e-05,-0.0306458491832,2.72280242797e-09,-3.89491287933e-05,0.001800865517,1.20926179079e-05,0.844284534454,0.000885593472049,4.92262552143e-05,0.00122394529171,2.72280242797e-09,-0.0307067893445,-0.000160654279171,0.000817936495878,3.67361717508e-05,1,0.498008070893
96,0.48,4800,0,0.0317014493048,8.08413315099e-05,2.45998053288e-05,-0.0317921936512,2.72280242797e-09,-2.34275084949e-05,0.00192165467888,1.20926179079e-05,0.864931583405,0.000955354655161,4.92262552143e-05,0.00122394529171,2.72280242797e-09,-0.0318976342678,-0.000196191540454,0.00088180945022,3.67361717508e-05,1,0.496877244962
97,0.485,4850,0,0.032183740288,8.40475186124e-05,2.52758582064e-05,-0.032276339829,2.72280242797e-09,-3.63146427844e-05,0.00202322262339,1.20926179079e-05,0.902660489082,0.000992121524177,4.92262552143e-05,0.00122394529171,2.72280242797e-09,-0.0323856584728,-0.000201923874556,0.00092505349312,3.67361717508e-05,1,0.496380220453
98,0.49,4900,0,0.0328740105033,0.000143411845784,2.62691864918e-05,-0.0329632759094,2.72280242797e-09,-2.86284412141e-05,0.00210190471262,1.20926179079e-05,0.993358671665,0.00105988886207,4.92262552143e-05,0.00122394529171,2.72280242797e-09,-0.0331329666078,-0.000258951389696,0.000992303946987,3.67361717508e-05,1,0.495700967468
99,0.495,4950,0,0.0333728864789,0.000165892808582,2.69090269285e-05,-0.0334658250213,2.72280242797e-09,-2.9110989999e-05,0.00220691389404,1.20926179079e-05,1.0931622982,0.00109970965423,4.92262552143e-05,0.00122394529171,2.72280242797e-09,-0.033658631146,-0.000285743037239,0.00103191181552,3.67361717508e-05,1,0.495197942085
100,0.5,5000,0,0.0336560159922,0.000179343827767,2.72103607131e-05,-0.0337528213859,2.72280242797e-09,-2.62536959781e-05,0.00228234706447,1.20926179079e-05,1.17151844501,0.00112646527123,4.92262552143e-05,0.00122394529171,2.72280242797e-09,-0.0339593812823,-0.000303363602143,0.00106439553201,3.67361717508e-05,1,0.494913806559
