element,node0,node1,node2,node3,rest_volume_m3,mu_Pa,lambda_Pa
0,0,1,6,2,1.5850939235e-05,3000,6000
1,0,1,2,8,1.58509446919e-05,3000,6000
2,0,1,12,6,1.58509410539e-05,3000,6000
3,0,1,8,11,1.58509446919e-05,3000,6000
4,0,1,11,12,1.58509428729e-05,3000,6000
5,0,2,6,10,1.58509410539e-05,3000,6000
6,0,2,9,8,1.58509446919e-05,3000,6000
7,0,2,10,9,1.58509428729e-05,3000,6000
8,0,3,4,5,1.5850939235e-05,3000,6000
9,0,3,7,4,1.58509446919e-05,3000,6000
10,0,3,5,12,1.58509410539e-05,3000,6000
11,0,3,11,7,1.58509446919e-05,3000,6000
12,0,3,12,11,1.58509428729e-05,3000,6000
13,0,4,10,5,1.58509410539e-05,3000,6000
14,0,4,7,9,1.58509446919e-05,3000,6000
15,0,4,9,10,1.58509428729e-05,3000,6000
16,0,5,10,6,1.5850939235e-05,3000,6000
17,0,5,6,12,1.5850939235e-05,3000,6000
18,0,7,8,9,1.58509446919e-05,3000,6000
19,0,7,11,8,1.58509446919e-05,3000,6000
