frame,time_s,element,node,x_m,y_m,z_m,vx_m_s,vy_m_s,vz_m_s,mass_kg
0,0,0,0,0,0,2,0,0,0,0.0500000007451
0,0,0,1,0.10000000149,0,2,0,0,0,0.0500000007451
0,0,0,2,0,0.129999995232,2,0,0,0,0.0500000007451
0,0,0,3,0.00999999977648,0.019999999553,2.08999991417,0,0,0,0.0500000007451
0,0,1,0,0.40000000596,0,2,0,0,0,0.0500000007451
0,0,1,1,0.469999998808,0,2,0,0,0,0.0500000007451
0,0,1,2,0.40000000596,0.143000006676,2,0,0,0,0.0500000007451
0,0,1,3,0.407000005245,0.0219999998808,2.10800004005,0,0,0,0.0500000007451
0,0,2,0,0.800000011921,0,2,0,0,0,0.0500000007451
0,0,2,1,0.899999976158,0,2,0,0,0,0.0500000007451
0,0,2,2,0.845499992371,0.129999995232,2,0,0,0,0.0500000007451
0,0,2,3,0.816999971867,0.019999999553,2.08999991417,0,0,0,0.0500000007451
1,0.01,0,0,-4.09233980037e-09,-4.06222433469e-09,1.99950456619,-1.70973351032e-06,-1.48612457451e-06,-0.0981032401323,0.0500000007451
1,0.01,0,1,0.10000000149,-5.81776883612e-11,1.99950456619,1.71733609022e-06,-2.45831355272e-08,-0.0981004610658,0.0500000007451
1,0.01,0,2,-5.6470255555e-11,0.129999995232,1.99950456619,-2.05238546158e-08,1.50584355652e-06,-0.0981006845832,0.0500000007451
1,0.01,0,3,0.00999999977648,0.019999999553,2.08950448036,1.29215251832e-08,4.86440665526e-09,-0.0980956852436,0.0500000007451
1,0.01,1,0,0.393918484449,0.000742927717511,2.00140333176,-1.03573930264,0.185349732637,0.299339145422,0.0500000007451
1,0.01,1,1,0.47616058588,-7.84844523878e-05,1.99970197678,1.06560611725,-0.0276495441794,-0.0644812807441,0.0500000007451
1,0.01,1,2,0.399963110685,0.142317384481,1.99990200996,-0.0138522339985,-0.164859905839,-0.0130230905488,0.0500000007451
1,0.01,1,3,0.406957894564,0.0220181625336,2.10501146317,-0.0160147212446,0.00715970201418,-0.614234805107,0.0500000007451
1,0.01,2,0,0.801946461201,0.00259224534966,1.99944114685,0.352584004402,0.4819445014,-0.122300699353,0.0500000007451
1,0.01,2,1,0.90007007122,-0.00267198053189,1.9995085001,0.0269140917808,-0.512627542019,-0.0965342521667,0.0500000007451
1,0.01,2,2,0.843464195728,0.130051955581,1.9995174408,-0.386744439602,0.0199983082712,-0.0931614860892,0.0500000007451
1,0.01,2,3,0.817018926144,0.0200277734548,2.0895512104,0.00724635738879,0.010684880428,-0.0804035440087,0.0500000007451
2,0.02,0,0,-7.40388861331e-09,-9.51496836876e-09,1.99802803993,2.71853900813e-06,1.72331272097e-06,-0.196195557714,0.0500000007451
2,0.02,0,1,0.10000000149,-1.45644052374e-09,1.99802803993,-2.40774897975e-06,-2.74179683402e-07,-0.196199715137,0.0500000007451
2,0.02,0,2,-1.1084935192e-09,0.129999995232,1.99802803993,-2.0372836218e-07,-1.32834099986e-06,-0.196199461818,0.0500000007451
2,0.02,0,3,0.00999999977648,0.019999999553,2.08802843094,-1.07059896948e-07,-1.20792009284e-07,-0.196205079556,0.0500000007451
2,0.02,1,0,0.383393377066,0.00435265526175,2.00605654716,-0.904898166656,0.527985751629,0.584857642651,0.0500000007451
2,0.02,1,1,0.487614691257,-0.000758427195251,1.99863278866,1.07596087456,-0.110472761095,-0.150066316128,0.0500000007451
2,0.02,1,2,0.399535238743,0.139106839895,1.99988126755,-0.079298555851,-0.478350520134,0.0118243750185,0.0500000007451
2,0.02,1,3,0.406456679106,0.0222989376634,2.09554362297,-0.0917647406459,0.0608374662697,-1.23141586781,0.0500000007451
2,0.02,2,0,0.805930793285,0.00852948892862,1.99718916416,0.375921845436,0.6302485466,-0.340621769428,0.0500000007451
2,0.02,2,1,0.900952458382,-0.0096499286592,1.99808466434,0.168195188046,-0.833841919899,-0.18611715734,0.0500000007451
2,0.02,2,2,0.838371694088,0.130730450153,1.99823188782,-0.585600316525,0.132690578699,-0.155743509531,0.0500000007451
2,0.02,2,3,0.817245006561,0.0203899648041,2.08860516548,0.0414834208786,0.0709028840065,-0.102317601442,0.0500000007451
3,0.03,0,0,3.58507961096e-08,1.96329104085e-08,1.99557077885,2.59994340013e-06,1.59983335379e-06,-0.294293314219,0.0500000007451
3,0.03,0,1,0.10000000149,-3.85213194676e-09,1.99557065964,-3.76062666874e-06,-6.54919958265e-08,-0.294298022985,0.0500000007451
3,0.03,0,2,-3.31962812794e-09,0.129999995232,1.99557065964,-1.87781040495e-07,-2.44504144575e-06,-0.294298052788,0.0500000007451
3,0.03,0,3,0.00999999977648,0.019999999553,2.08557057381,1.34846663968e-06,9.10699611723e-07,-0.294310033321,0.0500000007451
3,0.03,1,0,0.377455353737,0.0102247111499,2.01108169556,-0.291023045778,0.549655675888,0.275965422392,0.0500000007451
3,0.03,1,1,0.496019482613,-0.00227808044292,1.99655628204,0.585406601429,-0.19080632925,-0.279315531254,0.0500000007451
3,0.03,1,2,0.398319214582,0.133446455002,2.00004148483,-0.157718852162,-0.580619871616,0.00670315977186,0.0500000007451
3,0.03,1,3,0.405205667019,0.0236069634557,2.08260416985,-0.136665225029,0.221770718694,-1.18055295944,0.0500000007451
3,0.03,2,0,0.808383405209,0.0137497866526,1.99263525009,0.0952386260033,0.35971313715,-0.543707549572,0.0500000007451
3,0.03,2,1,0.90357708931,-0.0182850025594,1.99577581882,0.340632766485,-0.836685359478,-0.27683955431,0.0500000007451
3,0.03,2,2,0.83270573616,0.132943987846,1.99655508995,-0.505127429962,0.306800454855,-0.173708513379,0.0500000007451
3,0.03,2,3,0.81783336401,0.0215911883861,2.08731579781,0.069256298244,0.170172140002,-0.182944446802,0.0500000007451
4,0.04,0,0,3.45016886172e-08,1.27797985527e-08,1.99213242531,-2.19004937208e-06,-2.69844667855e-06,-0.39239859581,0.0500000007451
4,0.04,0,1,0.10000000149,-1.29361554801e-09,1.9921323061,-1.87076864222e-06,5.10393078912e-07,-0.392395585775,0.0500000007451
4,0.04,0,2,-3.78051279171e-09,0.129999995232,1.99213218689,7.33480263193e-08,-1.63648951457e-06,-0.392396062613,0.0500000007451
4,0.04,0,3,0.00999999977648,0.019999999553,2.08213233948,3.98746988139e-06,3.82454163628e-06,-0.392408907413,0.0500000007451
4,0.04,1,0,0.376767098904,0.0133347027004,2.00877475739,0.112732335925,0.0171537194401,-0.78814125061,0.0500000007451
4,0.04,1,1,0.49931910634,-0.00449545914307,1.99267244339,0.0859565213323,-0.241120889783,-0.503596305847,0.0500000007451
4,0.04,1,2,0.396614521742,0.129092097282,1.99959480762,-0.169484034181,-0.238271459937,-0.118335694075,0.0500000007451
4,0.04,1,3,0.404298782349,0.0270687136799,2.0754878521,-0.0292052812874,0.462238878012,-0.159526646137,0.0500000007451
4,0.04,2,0,0.80815833807,0.0151203041896,1.98718214035,-0.091561704874,-0.0807517617941,-0.496793299913,0.0500000007451
4,0.04,2,1,0.907065212727,-0.025371234864,1.99246239662,0.309603899717,-0.544883191586,-0.38858088851,0.0500000007451
4,0.04,2,2,0.828847289085,0.136533528566,1.99476861954,-0.257837206125,0.380926400423,-0.188324004412,0.0500000007451
4,0.04,2,3,0.81842815876,0.0237173680216,2.08411455154,0.0397952832282,0.244708716869,-0.495901584625,0.0500000007451
5,0.05,0,0,-4.51753789932e-09,-3.19295310192e-08,1.98771297932,-6.18874946667e-06,-6.73465410728e-06,-0.49050539732,0.0500000007451
5,0.05,0,1,0.10000000149,4.29275104352e-09,1.98771297932,1.61124626175e-06,4.45628387524e-07,-0.490495830774,0.0500000007451
5,0.05,0,2,-2.67564082002e-09,0.129999995232,1.98771286011,1.04519742194e-07,4.4056639581e-07,-0.490495622158,0.0500000007451
5,0.05,0,3,0.0100000500679,0.019999999553,2.07771277428,4.47298498329e-06,5.84845520279e-06,-0.490502297878,0.0500000007451
5,0.05,1,0,0.379969447851,0.0108127715066,1.99656534195,0.561951220036,-0.443084090948,-1.4874099493,0.0500000007451
5,0.05,1,1,0.497560560703,-0.00671426858753,1.98664546013,-0.444416493177,-0.181041836739,-0.680331587791,0.0500000007451
5,0.05,1,2,0.395102083683,0.128761738539,1.99730443954,-0.129504442215,0.126145303249,-0.345900475979,0.0500000007451
5,0.05,1,3,0.404367357492,0.0321398377419,2.0783367157,0.0119691658765,0.497980743647,0.551642239094,0.0500000007451
5,0.05,2,0,0.807487607002,0.0124917859212,1.98337435722,-0.0149607192725,-0.411009073257,-0.264397501945,0.0500000007451
5,0.05,2,1,0.908939301968,-0.0286708027124,1.98795187473,0.0460484065115,-0.110754482448,-0.511151134968,0.0500000007451
5,0.05,2,2,0.827571988106,0.139959916472,1.99259853363,-0.0053183035925,0.282600164413,-0.25800666213,0.0500000007451
5,0.05,2,3,0.818499624729,0.026219047606,2.07692575455,-0.0257691461593,0.239163696766,-0.928444743156,0.0500000007451
6,0.06,0,0,-5.60633353075e-08,-9.2015667974e-08,1.98231256008,-2.46176909968e-06,-3.60696981261e-06,-0.588605701923,0.0500000007451
6,0.06,0,1,0.10000000149,2.72026401404e-09,1.98231256008,2.19536389068e-07,-9.58661757977e-07,-0.588598847389,0.0500000007451
6,0.06,0,2,-5.24742160835e-09,0.129999995232,1.98231256008,-7.89690204783e-07,-8.18865260044e-07,-0.588595330715,0.0500000007451
6,0.06,0,3,0.0100000500679,0.019999999553,2.07231259346,3.03192382489e-06,5.38449421583e-06,-0.588600814342,0.0500000007451
6,0.06,1,0,0.388185024261,0.00606886623427,1.98222672939,1.02284634113,-0.444728851318,-1.25939273834,0.0500000007451
6,0.06,1,1,0.490566939116,-0.00776228262112,1.97937035561,-0.901041209698,-0.018958773464,-0.764161109924,0.0500000007451
6,0.06,1,2,0.394124209881,0.130646079779,1.99260389805,-0.0583061054349,0.215436011553,-0.593705892563,0.0500000007451
6,0.06,1,3,0.404123514891,0.0360473543406,2.08305001259,-0.0634993985295,0.24825142324,0.262860804796,0.0500000007451
6,0.06,2,0,0.807793021202,0.00753614353016,1.98122274876,0.0430754944682,-0.545212805271,-0.231697306037,0.0500000007451
6,0.06,2,1,0.908061742783,-0.0276508815587,1.98231494427,-0.189720347524,0.29301148653,-0.608271121979,0.0500000007451
6,0.06,2,2,0.828632295132,0.141981706023,1.98926508427,0.207249283791,0.125650942326,-0.427254974842,0.0500000007451
6,0.06,2,3,0.818011343479,0.0281329713762,2.06644773483,-0.0606041811407,0.126550406218,-1.0871771574,0.0500000007451
7,0.07,0,0,-5.24632426391e-08,-9.74198925974e-08,1.9759311676,1.16739272471e-06,1.24945586322e-06,-0.686705470085,0.0500000007451
7,0.07,0,1,0.10000000149,-1.62543454252e-08,1.9759311676,-3.42574907108e-07,-2.70885902864e-06,-0.686702013016,0.0500000007451
7,0.07,0,2,-1.98645597749e-08,0.129999995232,1.97593128681,-2.06062281904e-06,-1.31271201553e-06,-0.686697840691,0.0500000007451
7,0.07,0,3,0.0100000500679,0.019999999553,2.06593084335,1.23580866784e-06,2.77210756394e-06,-0.686693072319,0.0500000007451
7,0.07,1,0,0.397968679667,0.00240396079607,1.9726793766,0.760163009167,-0.299769848585,-0.652701973915,0.0500000007451
7,0.07,1,1,0.481542468071,-0.00689799897373,1.97152328491,-0.76010620594,0.197998210788,-0.793001711369,0.0500000007451
7,0.07,1,2,0.3941822052,0.132947102189,1.98530185223,0.0793634206057,0.259918212891,-0.870619297028,0.0500000007451
7,0.07,1,3,0.403306484222,0.0365469455719,2.08221673965,-0.0794209390879,-0.158146813512,-0.430475443602,0.0500000007451
7,0.07,2,0,0.807568192482,0.00231424742378,1.97727847099,-0.110130883753,-0.458216816187,-0.607806801796,0.0500000007451
7,0.07,2,1,0.905901193619,-0.02331100218,1.97593390942,-0.209725499153,0.539993524551,-0.661181688309,0.0500000007451
7,0.07,2,2,0.831465005875,0.142574191093,1.98361182213,0.337271571159,-0.00404182868078,-0.717901527882,0.0500000007451
7,0.07,2,3,0.817563712597,0.0284225065261,2.05690002441,-0.017414920032,-0.0777350664139,-0.75991076231,0.0500000007451
8,0.08,0,0,-2.00001952777e-08,-5.868848163e-08,1.96856868267,5.26026451553e-06,6.26377186563e-06,-0.784802436829,0.0500000007451
8,0.08,0,1,0.10000000149,-4.79392312513e-08,1.96856868267,-2.36884375227e-06,-3.33312368639e-06,-0.784805178642,0.0500000007451
8,0.08,0,2,-4.38315517215e-08,0.129999995232,1.96856880188,-2.50954076364e-06,-2.87411762656e-06,-0.784800827503,0.0500000007451
8,0.08,0,3,0.0100000500679,0.019999999553,2.05856871605,-3.81876105848e-07,-5.65363436067e-08,-0.784792482853,0.0500000007451
8,0.08,1,0,0.400188326836,-0.000243511793087,1.9685151577,-0.368797332048,-0.22535918653,-0.233577594161,0.0500000007451
8,0.08,1,1,0.478083372116,-0.00374071230181,1.96383881569,0.118987329304,0.417304754257,-0.729775369167,0.0500000007451
8,0.08,1,2,0.395712256432,0.136094883084,1.97513639927,0.208218380809,0.357775241137,-1.15029871464,0.0500000007451
8,0.08,1,3,0.403016299009,0.0328893847764,2.07478117943,0.0415909178555,-0.549721240997,-1.02554750443,0.0500000007451
8,0.08,2,0,0.805843293667,-0.000693560286891,1.96887350082,-0.187147408724,-0.104150652885,-1.02891695499,0.0500000007451
8,0.08,2,1,0.904058456421,-0.0174909960479,1.96911299229,-0.172810092568,0.594023644924,-0.706605017185,0.0500000007451
8,0.08,2,2,0.834872424603,0.141714155674,1.97476291656,0.318445593119,-0.183230414987,-1.04056096077,0.0500000007451
8,0.08,2,3,0.817724227905,0.0264703389257,2.05152368546,0.0415122173727,-0.306642979383,-0.363117337227,0.0500000007451
9,0.09,0,0,2.53237910641e-08,3.33624883275e-09,1.96022522449,2.79504888567e-06,5.14099747306e-06,-0.882904648781,0.0500000007451
9,0.09,0,1,0.10000000149,-7.54996207775e-08,1.96022522449,-2.22977956099e-08,-1.83512827334e-06,-0.88290810585,0.0500000007451
9,0.09,0,2,-6.44689848173e-08,0.129999995232,1.9602253437,-1.35802508794e-06,-1.17339311601e-06,-0.882903754711,0.0500000007451
9,0.09,0,3,0.0100000500679,0.019999999553,2.05022549629,-1.41472264659e-06,-2.13247949432e-06,-0.88288640976,0.0500000007451
9,0.09,1,0,0.392035484314,-0.0012920597801,1.96727776527,-1.08221149445,0.0646145567298,-0.0489159971476,0.0500000007451
9,0.09,1,1,0.482851982117,0.000796216365416,1.95701742172,0.69347423315,0.447975248098,-0.641045987606,0.0500000007451
9,0.09,1,2,0.397806823254,0.13931402564,1.96271514893,0.183267578483,0.23574963212,-1.30207061768,0.0500000007451
9,0.09,1,3,0.404305964708,0.0261818543077,2.06188774109,0.20546901226,-0.748339951038,-1.5395668745,0.0500000007451
9,0.09,2,0,0.804868340492,0.000776881468482,1.95789635181,0.0237626843154,0.392178267241,-1.10790514946,0.0500000007451
9,0.09,2,1,0.902047336102,-0.0118998689577,1.96164274216,-0.239105790854,0.50751554966,-0.795628607273,0.0500000007451
9,0.09,2,2,0.837427735329,0.138598158956,1.96313393116,0.182376787066,-0.440103948116,-1.26031494141,0.0500000007451
9,0.09,2,3,0.818155527115,0.0225247740746,2.04822540283,0.0329666174948,-0.459590226412,-0.367751330137,0.0500000007451
10,0.1,0,0,5.30076498251e-08,5.65692666044e-08,1.95090091228,2.16526404984e-06,5.07194999955e-06,-0.980996727943,0.0500000007451
10,0.1,0,1,0.10000000149,-7.90706664588e-08,1.95090079308,-2.44446209763e-06,1.29006457428e-06,-0.98100566864,0.0500000007451
10,0.1,0,2,-6.75446543141e-08,0.129999995232,1.95090103149,8.09442724403e-07,-2.92365962196e-06,-0.981001317501,0.0500000007451
10,0.1,0,3,0.0100000500679,0.019999999553,2.04090118408,-5.30242232344e-07,-3.43835881722e-06,-0.980998933315,0.0500000007451
10,0.1,1,0,0.381862789392,0.00151571910828,1.96645271778,-0.835118472576,0.469071030617,-0.200978860259,0.0500000007451
10,0.1,1,1,0.48940384388,0.00450257305056,1.95078837872,0.529693365097,0.267938435078,-0.624639451504,0.0500000007451
10,0.1,1,2,0.398953735828,0.140118092299,1.94968545437,0.0342776253819,-0.0749309137464,-1.27856707573,0.0500000007451
10,0.1,1,3,0.406779885292,0.0188635364175,2.044672966,0.271146565676,-0.662079155445,-1.81981408596,0.0500000007451
10,0.1,2,0,0.806238770485,0.0065263598226,1.94731736183,0.203466415405,0.691264748573,-1.01173853874,0.0500000007451
10,0.1,2,1,0.89956176281,-0.00762739637867,1.95302033424,-0.218176439404,0.337584674358,-0.934667348862,0.0500000007451
10,0.1,2,2,0.838469266891,0.133260816336,1.95001089573,0.0352664105594,-0.585126459599,-1.33958637714,0.0500000007451
10,0.1,2,3,0.818228960037,0.0178401581943,2.04325246811,-0.0205560382456,-0.443723380566,-0.638006687164,0.0500000007451
11,0.11,0,0,4.52751152125e-08,8.37842648593e-08,1.94059550762,-4.7331350288e-06,-5.78183971811e-07,-1.07909524441,0.0500000007451
11,0.11,0,1,0.10000000149,-4.73595349604e-08,1.94059538841,2.10596709849e-07,4.94714595334e-06,-1.07910299301,0.0500000007451
11,0.11,0,2,-4.66142111577e-08,0.129999995232,1.94059562683,3.30551165462e-06,-3.03211152186e-07,-1.07909858227,0.0500000007451
11,0.11,0,3,0.0100000500679,0.019999999553,2.030595541,1.21703055811e-06,-4.06575645684e-06,-1.07910001278,0.0500000007451
11,0.11,1,0,0.376511514187,0.00677943276241,1.9610029459,-0.234191790223,0.492339670658,-0.989439606667,0.0500000007451
11,0.11,1,1,0.492568314075,0.00570324808359,1.9438521862,0.0999822616577,-0.0397987700999,-0.805464804173,0.0500000007451
11,0.11,1,2,0.398374676704,0.138354375958,1.93757498264,-0.144156649709,-0.228122830391,-1.12758755684,0.0500000007451
11,0.11,1,3,0.409545749426,0.0141627686098,2.02794957161,0.278365314007,-0.224418357015,-1.39390707016,0.0500000007451
11,0.11,2,0,0.807593286037,0.0129801025614,1.93711364269,0.00485844630748,0.517066836357,-1.06521463394,0.0500000007451
11,0.11,2,1,0.898711204529,-0.00534259621054,1.94282925129,0.0865075066686,0.11626098305,-1.10557234287,0.0500000007451
11,0.11,2,2,0.838431060314,0.127999618649,1.93684542179,-0.0232455991209,-0.411528110504,-1.26892614365,0.0500000007451
11,0.11,2,3,0.817763328552,0.0143627878278,2.03559398651,-0.0681199282408,-0.221800193191,-0.876685976982,0.0500000007451
12,0.12,0,0,-5.91875615186e-09,7.04350568981e-08,1.92930912971,-4.45161003881e-06,-1.33815819936e-06,-1.1771851778,0.0500000007451
12,0.12,0,1,0.10000000149,1.46907153109e-08,1.9293088913,-2.77418075711e-06,7.05729462425e-06,-1.17720031738,0.0500000007451
12,0.12,0,2,-5.17531972832e-09,0.129999995232,1.92930912971,4.68736061521e-06,-1.15875525353e-06,-1.17719590664,0.0500000007451
12,0.12,0,3,0.0100000500679,0.019999999553,2.0193092823,2.53843654718e-06,-4.56038560515e-06,-1.17721104622,0.0500000007451
12,0.12,1,0,0.377128601074,0.00994341727346,1.94573295116,0.352280974388,0.120527759194,-1.99937832355,0.0500000007451
12,0.12,1,1,0.491466671228,0.00366237876005,1.9339120388,-0.307318180799,-0.34619218111,-1.19320392609,0.0500000007451
12,0.12,1,2,0.396294564009,0.136335536838,1.92734730244,-0.254135996103,-0.162374094129,-0.923036515713,0.0500000007451
12,0.12,1,3,0.412110328674,0.0150585016236,2.01824140549,0.209172189236,0.388038128614,-0.59318035841,0.0500000007451
12,0.12,2,0,0.80588388443,0.0156568065286,1.92565488815,-0.307394057512,0.0043542184867,-1.21151530743,0.0500000007451
12,0.12,2,1,0.901402771473,-0.00531924329698,1.93084990978,0.408086806536,-0.102820143104,-1.28845286369,0.0500000007451
12,0.12,2,2,0.838265299797,0.125792831182,1.92503356934,-0.00859739072621,-0.0286356583238,-1.08673560619,0.0500000007451
12,0.12,2,3,0.816947102547,0.0138695733622,2.02569842339,-0.0920950397849,0.127100944519,-1.1220947504,0.0500000007451
13,0.13,0,0,-6.64979111775e-08,3.91767720487e-08,1.91704177856,-8.43453381094e-06,-5.48787738808e-06,-1.27529358864,0.0500000007451
13,0.13,0,1,0.10000000149,8.48153121069e-08,1.91704154015,-7.39631957458e-07,6.50768515698e-06,-1.27529764175,0.0500000007451
13,0.13,0,2,3.95015895549e-08,0.129999995232,1.91704177856,3.92019683204e-06,2.5865635962e-06,-1.27529370785,0.0500000007451
13,0.13,0,3,0.0100000752136,0.019999999553,2.00704169273,5.25397626916e-06,-3.60637363883e-06,-1.2753020525,0.0500000007451
13,0.13,1,0,0.383497744799,0.00949825812131,1.92345583439,0.879537343979,-0.173425942659,-2.30514359474,0.0500000007451
13,0.13,1,1,0.486728012562,-0.000558538769837,1.92007315159,-0.600504875183,-0.456461280584,-1.55629336834,0.0500000007451
13,0.13,1,2,0.393657118082,0.134948506951,1.91880202293,-0.252590507269,-0.128864765167,-0.81264591217,0.0500000007451
13,0.13,1,3,0.413117617369,0.0211115535349,2.01383399963,-0.02644267492,0.758751451969,-0.427115380764,0.0500000007451
13,0.13,2,0,0.802942216396,0.013438555412,1.91357350349,-0.198060691357,-0.39618268609,-1.16939985752,0.0500000007451
13,0.13,2,1,0.905542016029,-0.00719284359366,1.91712319851,0.349451094866,-0.257434904575,-1.44679391384,0.0500000007451
13,0.13,2,2,0.838059902191,0.126977771521,1.91503691673,-0.0476698949933,0.223439157009,-0.928815305233,0.0500000007451
13,0.13,2,3,0.815954864025,0.0167764369398,2.01243329048,-0.103720083833,0.43017783761,-1.55618941784,0.0500000007451
14,0.14,0,0,-1.31272429371e-07,-8.18002110492e-09,1.90379345417,-2.97987639897e-06,-2.90765046884e-06,-1.37339496613,0.0500000007451
14,0.14,0,1,0.10000000149,1.34477204483e-07,1.90379321575,-3.96647874368e-06,3.02450393974e-06,-1.37339496613,0.0500000007451
14,0.14,0,2,6.6322144221e-08,0.129999995232,1.90379345417,1.19711205571e-06,3.06725451082e-06,-1.37339103222,0.0500000007451
14,0.14,0,3,0.0100001683459,0.019999999553,1.99379336834,5.74924843022e-06,-3.18410957334e-06,-1.37339770794,0.0500000007451
14,0.14,1,0,0.392946153879,0.00687920628116,1.90201973915,0.872283995152,-0.343350589275,-1.90846645832,0.0500000007451
14,0.14,1,1,0.480871230364,-0.00468718400225,1.90301215649,-0.468842983246,-0.334324598312,-1.840036273,0.0500000007451
14,0.14,1,2,0.391721755266,0.133791297674,1.91050410271,-0.111434958875,-0.0843142941594,-0.878469288349,0.0500000007451
14,0.14,1,3,0.411461263895,0.0290164239705,2.00763583183,-0.292006760836,0.761988818645,-0.866626024246,0.0500000007451
14,0.14,2,0,0.80296510458,0.0087522296235,1.90245008469,0.200899153948,-0.494294583797,-1.08429861069,0.0500000007451
14,0.14,2,1,0.907472789288,-0.0102808056399,1.90214753151,0.0315092504025,-0.353554040194,-1.5324575901,0.0500000007451
14,0.14,2,2,0.8370642066,0.129618644714,1.90604698658,-0.155497044325,0.287392526865,-0.89590471983,0.0500000007451
14,0.14,2,3,0.814996898174,0.0219098776579,1.99452900887,-0.0769109651446,0.560455620289,-1.98093724251,0.0500000007451
15,0.15,0,0,-1.09561099748e-07,-7.89723486605e-09,1.88956403732,7.18801265975e-06,2.90959519589e-06,-1.4714922905,0.0500000007451
15,0.15,0,1,0.10000000149,1.40481731137e-07,1.8895637989,-9.14279007702e-06,-1.72233717421e-06,-1.4714922905,0.0500000007451
15,0.15,0,2,6.07466219549e-08,0.129999995232,1.88956415653,-2.21822892854e-06,2.08034157367e-06,-1.47148835659,0.0500000007451
15,0.15,0,3,0.0100002372637,0.019999999553,1.97956395149,4.17301225752e-06,-3.26759982272e-06,-1.47149503231,0.0500000007451
15,0.15,1,0,0.398117274046,0.00271742208861,1.88607144356,0.0813792645931,-0.46304833889,-1.28329217434,0.0500000007451
15,0.15,1,1,0.479402810335,-0.00666164932773,1.8836479187,0.223503559828,-0.0513985268772,-2.0021469593,0.0500000007451
15,0.15,1,2,0.391772836447,0.133688077331,1.90059781075,0.118764586747,0.0679192245007,-1.12560677528,0.0500000007451
15,0.15,1,3,0.407707512379,0.0352559052408,1.99593698978,-0.423648029566,0.446526736021,-1.47495245934,0.0500000007451
15,0.15,2,0,0.80605006218,0.00421482650563,1.89065599442,0.334451168776,-0.39204710722,-1.34973597527,0.0500000007451
15,0.15,2,1,0.906714618206,-0.0142105165869,1.88679599762,-0.127399966121,-0.427907854319,-1.52203798294,0.0500000007451
15,0.15,2,2,0.834988236427,0.13275180757,1.89646196365,-0.250534147024,0.3503036201,-1.05733788013,0.0500000007451
15,0.15,2,3,0.814745903015,0.0272438377142,1.97434270382,0.0434832796454,0.469650894403,-1.95688486099,0.0500000007451
16,0.16,0,0,-8.55264303823e-09,4.01471744738e-08,1.87435364723,1.12660036393e-05,5.6578855947e-06,-1.56959033012,0.0500000007451
16,0.16,0,1,0.10000000149,1.06036694092e-07,1.87435340881,-9.86640043266e-06,-4.63408878204e-06,-1.56958961487,0.0500000007451
16,0.16,0,2,2.59159413929e-08,0.129999995232,1.87435388565,-4.38222787125e-06,3.63897879652e-06,-1.56958568096,0.0500000007451
16,0.16,0,3,0.0100002372637,0.019999999553,1.9643535614,2.98263285003e-06,-4.66277469968e-06,-1.56959235668,0.0500000007451
16,0.16,1,0,0.394747376442,-0.00121924292762,1.87607288361,-0.650815069675,-0.250607222319,-0.759402990341,0.0500000007451
16,0.16,1,1,0.484797477722,-0.00591102428734,1.86364746094,0.750509560108,0.171511381865,-1.9637169838,0.0500000007451
16,0.16,1,2,0.393696725368,0.134724259377,1.88769173622,0.23157709837,0.0986642464995,-1.45410048962,0.0500000007451
16,0.16,1,3,0.403758496046,0.0374057814479,1.97800123692,-0.331272423267,-0.0195694118738,-2.10117888451,0.0500000007451
16,0.16,2,0,0.808247983456,0.00131623679772,1.87437391281,0.0796041190624,-0.168011859059,-1.89822006226,0.0500000007451
16,0.16,2,1,0.905913829803,-0.0186595078558,1.87189972401,-0.011163729243,-0.445514321327,-1.45968341827,0.0500000007451
16,0.16,2,2,0.832265555859,0.136736214161,1.88417696953,-0.281755387783,0.43395704031,-1.41906702518,0.0500000007451
16,0.16,2,3,0.816071212292,0.0306069366634,1.95696413517,0.213315203786,0.179568693042,-1.50142610073,0.0500000007451
17,0.17,0,0,8.00906079235e-08,8.37733580283e-08,1.85816240311,5.65919481232e-06,2.48561377703e-06,-1.66769719124,0.0500000007451
17,0.17,0,1,0.10000000149,5.91157309771e-08,1.8581622839,-4.18582294515e-06,-4.22819402957e-06,-1.66768693924,0.0500000007451
17,0.17,0,2,-1.91403355387e-08,0.129999995232,1.85816276073,-4.21740423917e-06,8.79868639458e-06,-1.66768300533,0.0500000007451
17,0.17,0,3,0.0100002372637,0.019999999553,1.94816243649,2.74404237643e-06,-7.05610318619e-06,-1.66768312454,0.0500000007451
17,0.17,1,0,0.387339621782,-0.00116370629985,1.86958897114,-0.737336456776,0.271208226681,-0.637740254402,0.0500000007451
17,0.17,1,1,0.492240577936,-0.00379099883139,1.84498345852,0.650139272213,0.22846879065,-1.74962794781,0.0500000007451
17,0.17,1,2,0.395766198635,0.134991154075,1.87157070637,0.156995669007,-0.0563103891909,-1.76118004322,0.0500000007451
17,0.17,1,3,0.401653468609,0.0349633730948,1.95450603962,-0.0697994157672,-0.443367749453,-2.52225184441,0.0500000007451
17,0.17,2,0,0.808168828487,0.00133895815816,1.85393869877,-0.0323538407683,0.184867158532,-2.08717632294,0.0500000007451
17,0.17,2,1,0.906184434891,-0.0226829852909,1.85732364655,0.0233105327934,-0.335862457752,-1.47656357288,0.0500000007451
17,0.17,2,2,0.829572319984,0.140809029341,1.86796486378,-0.247674837708,0.34009090066,-1.80701947212,0.0500000007451
17,0.17,2,3,0.818572759628,0.0305348746479,1.94342124462,0.256718307734,-0.189096108079,-1.30003523827,0.0500000007451
18,0.18,0,0,9.85962458344e-08,8.57498605455e-08,1.84099006653,-1.49640959535e-06,-1.85045075796e-06,-1.76579451561,0.0500000007451
18,0.18,0,1,0.10000000149,2.93432425025e-08,1.84099006653,2.6426534987e-06,-1.55247596467e-06,-1.76578426361,0.0500000007451
18,0.18,0,2,-5.19634291152e-08,0.129999995232,1.84099054337,-2.17020397031e-06,1.40426336657e-05,-1.7657803297,0.0500000007451
18,0.18,0,3,0.0100002372637,0.019999936223,1.93099021912,1.0239700714e-06,-1.06397019408e-05,-1.76578044891,0.0500000007451
18,0.18,1,0,0.381008446217,0.003609131556,1.86082673073,-0.516134798527,0.609996557236,-1.23751628399,0.0500000007451
18,0.18,1,1,0.496673852205,-0.00168394856155,1.82882797718,0.213276237249,0.181232914329,-1.49493515491,0.0500000007451
18,0.18,1,2,0.396476507187,0.133853048086,1.85254883766,-0.0197473410517,-0.13731944561,-2.03184914589,0.0500000007451
18,0.18,1,3,0.402841120958,0.029221534729,1.9297567606,0.322604984045,-0.653911411762,-2.29889941216,0.0500000007451
18,0.18,2,0,0.808619737625,0.00495821423829,1.83435249329,0.136982932687,0.50539791584,-1.78489422798,0.0500000007451
18,0.18,2,1,0.905657052994,-0.0248956345022,1.8419662714,-0.139341399074,-0.0892848595977,-1.60867249966,0.0500000007451
18,0.18,2,2,0.827518463135,0.142861738801,1.84837853909,-0.151145130396,0.0591973997653,-2.08723211288,0.0500000007451
18,0.18,2,3,0.820702552795,0.027075547725,1.92926156521,0.153503641486,-0.475310951471,-1.58239543438,0.0500000007451
19,0.19,0,0,6.56860450476e-08,5.17576737025e-08,1.8228366375,-3.69909480469e-06,-4.29004603575e-06,-1.86388850212,0.0500000007451
19,0.19,0,1,0.10000000149,2.81540071256e-08,1.82283675671,6.45081172479e-06,1.13148871606e-06,-1.86388492584,0.0500000007451
19,0.19,0,2,-6.09776904525e-08,0.129999995232,1.82283723354,3.14201969331e-07,1.6520240024e-05,-1.86387765408,0.0500000007451
19,0.19,0,3,0.0100002372637,0.0199997499585,1.91283690929,-3.06590891341e-06,-1.33616777021e-05,-1.86388111115,0.0500000007451
19,0.19,1,0,0.377286016941,0.00946124922484,1.84306621552,-0.201071590185,0.49621450901,-2.31027793884,0.0500000007451
19,0.19,1,1,0.496120452881,-0.000327114423271,1.81451833248,-0.331086397171,0.0892646536231,-1.40822923183,0.0500000007451
19,0.19,1,2,0.395486682653,0.132929265499,1.8313062191,-0.159158468246,-0.0271276198328,-2.18458151817,0.0500000007451
19,0.19,1,3,0.408106684685,0.0229363031685,1.91045558453,0.691315889359,-0.558352828026,-1.55250918865,0.0500000007451
19,0.19,2,0,0.810285806656,0.0103400014341,1.81819176674,0.12464735657,0.49595156312,-1.50282621384,0.0500000007451
19,0.19,2,1,0.903812229633,-0.0241592805833,1.82495069504,-0.180530652404,0.239741131663,-1.79612731934,0.0500000007451
19,0.19,2,2,0.826929688454,0.14217568934,1.82659709454,0.0534727275372,-0.162798494101,-2.2461950779,0.0500000007451
19,0.19,2,3,0.821469783783,0.0216434467584,1.91160488129,0.00241065141745,-0.572895348072,-1.91044485569,0.0500000007451
20,0.2,0,0,4.51300792292e-08,1.0095352998e-08,1.80370247364,-1.07370215119e-06,-4.38740153186e-06,-1.96197772026,0.0500000007451
20,0.2,0,1,0.10000000149,4.74265853256e-08,1.80370247364,7.01162616679e-06,2.43531508204e-06,-1.96199035645,0.0500000007451
20,0.2,0,2,-4.7940215353e-08,0.129999995232,1.80370306969,2.00299473363e-06,1.61475345521e-05,-1.96197497845,0.0500000007451
20,0.2,0,3,0.0100001683459,0.019999563694,1.89370262623,-7.94091101852e-06,-1.41954415085e-05,-1.96198654175,0.0500000007451
20,0.2,1,0,0.377924770117,0.0128184007481,1.81606161594,0.35591545701,0.168098002672,-2.95492434502,0.0500000007451
20,0.2,1,1,0.489950418472,0.000208417928661,1.79988217354,-0.878180861473,0.0303285606205,-1.55181717873,0.0500000007451
20,0.2,1,2,0.393704950809,0.133345276117,1.80945038795,-0.176552608609,0.0968806892633,-2.16571378708,0.0500000007451
20,0.2,1,3,0.415419608355,0.0186275728047,1.89741277695,0.69881772995,-0.295308589935,-1.17554330826,0.0500000007451
20,0.2,2,0,0.809596419334,0.0134063977748,1.80275738239,-0.298709630966,0.0721529945731,-1.65578556061,0.0500000007451
20,0.2,2,1,0.903029084206,-0.0201527979225,1.80602455139,0.0455180592835,0.542022049427,-1.98582625389,0.0500000007451
20,0.2,2,2,0.828941762447,0.140330225229,1.8039265871,0.347139239311,-0.178661420941,-2.2629942894,0.0500000007451
20,0.2,2,3,0.820930421352,0.0164160262793,1.89209771156,-0.0939476042986,-0.435514777899,-1.94338953495,0.0500000007451
21,0.21,0,0,3.47312827387e-08,-4.0442870386e-08,1.78358733654,-1.75555010173e-06,-6.04726437814e-06,-2.06008243561,0.0500000007451
21,0.21,0,1,0.10000000149,7.1150225267e-08,1.78358721733,8.80652169144e-06,2.00962904273e-06,-2.06009507179,0.0500000007451
21,0.21,0,2,-2.62827626329e-08,0.129999995232,1.78358793259,2.01442844627e-06,1.6076493921e-05,-2.06007957458,0.0500000007451
21,0.21,0,3,0.0100000752136,0.0199993774295,1.87358736992,-9.06538843992e-06,-1.20388513096e-05,-2.06008267403,0.0500000007451
21,0.21,1,0,0.384091109037,0.0126857189462,1.78655290604,0.79275816679,-0.198882177472,-2.83810973167,0.0500000007451
21,0.21,1,1,0.47966504097,0.000555320875719,1.7827937603,-1.07583522797,0.0527608692646,-1.89548814297,0.0500000007451
21,0.21,1,2,0.392351448536,0.134707853198,1.78817403316,-0.0759428367019,0.177620619535,-2.0914516449,0.0500000007451
21,0.21,1,3,0.420892030001,0.0170508157462,1.88482320309,0.359019726515,-0.031500633806,-1.41534841061,0.0500000007451
21,0.21,2,0,0.804902017117,0.0116645833477,1.78442430496,-0.543516099453,-0.374828159809,-1.99192011356,0.0500000007451
21,0.21,2,1,0.904308199883,-0.0138450302184,1.78522920609,0.150638654828,0.683788597584,-2.17033791542,0.0500000007451
21,0.21,2,2,0.833450853825,0.138656407595,1.78172254562,0.511952459812,-0.176936998963,-2.16840410233,0.0500000007451
21,0.21,2,3,0.819836437702,0.0135239819065,1.87296891212,-0.119074948132,-0.132024258375,-1.90973162651,0.0500000007451
22,0.22,0,0,9.83310854963e-09,-1.06163263069e-07,1.76249098778,-2.3065510959e-06,-5.74089790462e-06,-2.15819168091,0.0500000007451
22,0.22,0,1,0.10000000149,8.11487979036e-08,1.76249074936,8.86591533344e-06,-2.54216956819e-07,-2.15819883347,0.0500000007451
22,0.22,0,2,-1.35829045789e-08,0.129999995232,1.76249170303,2.33998989074e-07,1.39972044053e-05,-2.15817403793,0.0500000007451
22,0.22,0,3,0.00999998208135,0.0199992619455,1.85249114037,-6.79335198583e-06,-8.0020772657e-06,-2.15818190575,0.0500000007451
22,0.22,1,0,0.391242414713,0.00866332184523,1.76084065437,0.501434147358,-0.594284653664,-2.26951217651,0.0500000007451
22,0.22,1,1,0.471132934093,0.0015140902251,1.76137268543,-0.498637109995,0.145396977663,-2.39792943001,0.0500000007451
22,0.22,1,2,0.392497062683,0.137115374207,1.76749265194,0.10726685077,0.308185964823,-2.05477643013,0.0500000007451
22,0.22,1,3,0.422127068043,0.0177069734782,1.86825275421,-0.110063716769,0.140700250864,-1.91058027744,0.0500000007451
22,0.22,2,0,0.800834715366,0.00715371780097,1.76361584663,-0.193768888712,-0.459306895733,-2.13668942451,0.0500000007451
22,0.22,2,1,0.904805719852,-0.0071868612431,1.76267755032,-0.0899669229984,0.612864613533,-2.33142828941,0.0500000007451
22,0.22,2,2,0.83829921484,0.136241137981,1.76061344147,0.419986486435,-0.324072480202,-2.05891752243,0.0500000007451
22,0.22,2,3,0.818557322025,0.0137919625267,1.85305333138,-0.136250555515,0.170514181256,-2.10576081276,0.0500000007451
23,0.23,0,0,-3.90549814711e-09,-1.33522433998e-07,1.74041354656,3.40365971851e-07,1.54012457187e-06,-2.25629448891,0.0500000007451
23,0.23,0,1,0.10000000149,6.30575200944e-08,1.74041342735,4.63887363367e-06,-3.25149926539e-06,-2.25628423691,0.0500000007451
23,0.23,0,2,-2.61543160462e-08,0.129999995232,1.74041461945,-2.69407860287e-06,8.78964146978e-06,-2.25627398491,0.0500000007451
23,0.23,0,3,0.00999994203448,0.0199992619455,1.83041381836,-2.28515182243e-06,-7.07826575308e-06,-2.25629115105,0.0500000007451
23,0.23,1,0,0.392573475838,0.0016864859499,1.74142444134,-0.206276357174,-0.713130116463,-1.63749802113,0.0500000007451
23,0.23,1,1,0.471179336309,0.00333374575712,1.7350205183,0.468635618687,0.194154053926,-2.82945466042,0.0500000007451
23,0.23,1,2,0.39421954751,0.140496432781,1.74691367149,0.205888673663,0.32136118412,-2.06625461578,0.0500000007451
23,0.23,1,3,0.419027030468,0.0194831062108,1.84629070759,-0.468247741461,0.197613403201,-2.49199008942,0.0500000007451
23,0.23,2,0,0.801548480988,0.00352720473893,1.74178230762,0.296585917473,-0.236792445183,-2.25250720978,0.0500000007451
23,0.23,2,1,0.902454555035,-0.00231560971588,1.73876583576,-0.337233811617,0.329974591732,-2.43934488297,0.0500000007451
23,0.23,2,2,0.841268599033,0.132199913263,1.74035608768,0.158638581634,-0.457246869802,-2.00862026215,0.0500000007451
23,0.23,2,3,0.817225396633,0.0165884215385,1.83074808121,-0.117990799248,0.364064007998,-2.32472133636,0.0500000007451
24,0.24,0,0,2.06698729244e-08,-7.11918914931e-08,1.71735525131,3.28866008203e-06,9.51484798861e-06,-2.35438728333,0.0500000007451
24,0.24,0,1,0.10000000149,2.05000070252e-08,1.71735525131,1.24228756704e-06,-4.81550296172e-06,-2.35438108444,0.0500000007451
24,0.24,0,2,-6.36740864479e-08,0.129999995232,1.71735644341,-4.4099083425e-06,4.71667954116e-06,-2.35438323021,0.0500000007451
24,0.24,0,3,0.00999994203448,0.0199992544949,1.8073554039,-1.21028122635e-07,-9.4160259323e-06,-2.35440039635,0.0500000007451
24,0.24,1,0,0.388802975416,-0.00362675148062,1.72721517086,-0.445960789919,-0.274569392204,-1.28676152229,0.0500000007451
24,0.24,1,1,0.478576123714,0.00477345567197,1.70582211018,0.887120246887,0.0670534521341,-2.95290160179,0.0500000007451
24,0.24,1,2,0.395971029997,0.142443403602,1.72612261772,0.11788777262,0.0282896347344,-2.09313154221,0.0500000007451
24,0.24,1,3,0.413649320602,0.0214096922427,1.81825602055,-0.559046685696,0.179224833846,-3.08480167389,0.0500000007451
24,0.24,2,0,0.805246174335,0.00266019022092,1.71777141094,0.347408175468,0.0551221258938,-2.58087182045,0.0500000007451
24,0.24,2,1,0.899453043938,-0.00117804191541,1.71413815022,-0.185401812196,-0.113592162728,-2.47251200676,0.0500000007451
24,0.24,2,2,0.841272830963,0.127937480807,1.72002840042,-0.153492599726,-0.348653942347,-2.07943224907,0.0500000007451
24,0.24,2,3,0.81652534008,0.0205803010613,1.80748128891,-0.00851395633072,0.407123416662,-2.28477716446,0.0500000007451
25,0.25,0,0,3.41151888961e-08,2.10964596903e-08,1.69331598282,-2.06007871384e-06,6.79407776261e-06,-2.45249652863,0.0500000007451
25,0.25,0,1,0.10000000149,-2.41416486801e-08,1.69331598282,4.63097330794e-06,-3.72432714357e-06,-2.45249032974,0.0500000007451
25,0.25,0,2,-1.06443550862e-07,0.129999995232,1.69331717491,-3.78295476366e-06,6.4415403358e-06,-2.45249247551,0.0500000007451
25,0.25,0,3,0.00999994203448,0.0199990682304,1.7833160162,1.21207222037e-06,-9.51129095483e-06,-2.4524974823,0.0500000007451
25,0.25,1,0,0.384806275368,-0.0031036362052,1.7134282589,-0.347111016512,0.353758305311,-1.6075347662,0.0500000007451
25,0.25,1,1,0.487156242132,0.00430843932554,1.67688679695,0.777595460415,-0.163834005594,-2.80451869965,0.0500000007451
25,0.25,1,2,0.396136909723,0.140777006745,1.70493996143,-0.0980448201299,-0.338286876678,-2.15435552597,0.0500000007451
25,0.25,1,3,0.408899635077,0.0230179931968,1.7860044241,-0.332439124584,0.148361131549,-3.24358797073,0.0500000007451
25,0.25,2,0,0.807168662548,0.00441150413826,1.69014048576,0.0271246321499,0.278869897127,-2.89665341377,0.0500000007451
25,0.25,2,1,0.899779975414,-0.00454834382981,1.68947827816,0.248347833753,-0.531147301197,-2.46074175835,0.0500000007451
25,0.25,2,2,0.838414907455,0.125920012593,1.69837152958,-0.393370568752,-0.0475381575525,-2.26127910614,0.0500000007451
25,0.25,2,3,0.817133665085,0.024216780439,1.78527164459,0.117897994816,0.299815088511,-2.19132089615,0.0500000007451
26,0.26,0,0,-2.85697101532e-08,4.17493666305e-08,1.66829550266,-9.01608382264e-06,-1.99697797143e-06,-2.55060577393,0.0500000007451
26,0.26,0,1,0.10000000149,-4.89654041758e-08,1.66829550266,8.68239749252e-06,-1.22447318063e-06,-2.55059957504,0.0500000007451
26,0.26,0,2,-1.3447848346e-07,0.129999995232,1.66829669476,-1.78259369932e-06,9.91819524643e-06,-2.55060172081,0.0500000007451
26,0.26,0,3,0.00999994203448,0.0199990533292,1.75829565525,2.11629321711e-06,-6.69675455356e-06,-2.55058550835,0.0500000007451
26,0.26,1,0,0.381495207548,0.00236236094497,1.69236552715,-0.323125332594,0.663794577122,-2.6747751236,0.0500000007451
26,0.26,1,1,0.493454545736,0.00157588929869,1.65001738071,0.455230414867,-0.364358335733,-2.5749361515,0.0500000007451
26,0.26,1,2,0.393866568804,0.136461421847,1.68272471428,-0.345578104258,-0.477234452963,-2.29998517036,0.0500000007451
26,0.26,1,3,0.408182770014,0.024600058794,1.75607001781,0.213473767042,0.177796795964,-2.65270066261,0.0500000007451
26,0.26,2,0,0.806498289108,0.0079590883106,1.66132295132,-0.0973572656512,0.410451292992,-2.78856086731,0.0500000007451
26,0.26,2,1,0.903585553169,-0.0110243326053,1.66473174095,0.443072319031,-0.713795125484,-2.50139284134,0.0500000007451
26,0.26,2,2,0.833922624588,0.126772508025,1.67473220825,-0.477416664362,0.190699696541,-2.46121191978,0.0500000007451
26,0.26,2,3,0.818490922451,0.0262926723808,1.76239264011,0.131701663136,0.112643949687,-2.45122981071,0.0500000007451
27,0.27,0,0,-1.13848109606e-07,-6.82702228083e-10,1.64229404926,-5.20311596119e-06,-4.39024552179e-06,-2.64870476723,0.0500000007451
27,0.27,0,1,0.10000000149,-5.12486302284e-08,1.64229416847,4.10281381846e-06,5.22350205756e-07,-2.64870882034,0.0500000007451
27,0.27,0,2,-1.43433354083e-07,0.129999995232,1.64229536057,-1.37507569775e-07,8.40359552967e-06,-2.64870119095,0.0500000007451
27,0.27,0,3,0.00999994203448,0.0199990533292,1.73229444027,1.23782308492e-06,-4.53571283288e-06,-2.64869475365,0.0500000007451
27,0.27,1,0,0.379172295332,0.00901916716248,1.66019594669,-0.0690531656146,0.627580165863,-3.64164471626,0.0500000007451
27,0.27,1,1,0.495458513498,-0.00244671199471,1.62514853477,-0.0849531665444,-0.403777003288,-2.41914963722,0.0500000007451
27,0.27,1,2,0.389669924974,0.13187648356,1.65884244442,-0.459348499775,-0.423387050629,-2.47306656837,0.0500000007451
27,0.27,1,3,0.412698149681,0.0265507660806,1.73298406601,0.613355875015,0.199582517147,-2.06093478203,0.0500000007451
27,0.27,2,0,0.806206762791,0.0120481653139,1.63539326191,0.0553560592234,0.367226034403,-2.3941681385,0.0500000007451
27,0.27,2,1,0.907471895218,-0.0178868100047,1.63923180103,0.300699830055,-0.618035674095,-2.603474617,0.0500000007451
27,0.27,2,2,0.829370200634,0.129331246018,1.64922916889,-0.408784598112,0.310626596212,-2.63279628754,0.0500000007451
27,0.27,2,3,0.819448232651,0.0265072453767,1.73532009125,0.0527288131416,-0.0598171912134,-2.96435785294,0.0500000007451
28,0.28,0,0,-1.01434999067e-07,-2.22483684809e-08,1.61531162262,7.23953553461e-06,1.63454132007e-07,-2.74679017067,0.0500000007451
28,0.28,0,1,0.10000000149,-4.19721040146e-08,1.61531162262,-6.89073385729e-06,1.2654903685e-06,-2.74681806564,0.0500000007451
28,0.28,0,2,-1.3925891551e-07,0.129999995232,1.61531293392,8.40953475745e-07,2.67305540547e-06,-2.74680805206,0.0500000007451
28,0.28,0,3,0.00999994203448,0.0199990533292,1.70531201363,-1.18974389807e-06,-4.10201437262e-06,-2.74680399895,0.0500000007451
28,0.28,1,0,0.381170362234,0.0141275618225,1.62227058411,0.458836704493,0.349049627781,-3.80463504791,0.0500000007451
28,0.28,1,1,0.49152982235,-0.00570579525083,1.60112965107,-0.662470698357,-0.2106025666,-2.418861866,0.0500000007451
28,0.28,1,2,0.385404855013,0.128320872784,1.63322091103,-0.35652372241,-0.262949824333,-2.65674805641,0.0500000007451
28,0.28,1,3,0.418893754482,0.0282569658011,1.71262085438,0.560158729553,0.124501295388,-2.10695314407,0.0500000007451
28,0.28,2,0,0.80719846487,0.0143197299913,1.61267280579,0.0921228453517,0.0424893386662,-2.23019313812,0.0500000007451
28,0.28,2,1,0.90946239233,-0.0227103400975,1.61263096333,0.115628696978,-0.326947271824,-2.71261096001,0.0500000007451
28,0.28,2,2,0.826274871826,0.133083686233,1.62214338779,-0.18863800168,0.450316786766,-2.77944731712,0.0500000007451
28,0.28,2,3,0.819561064243,0.0253067929298,1.7037974596,-0.0191134419292,-0.165858954191,-3.26494431496,0.0500000007451
29,0.29,0,0,4.08303257871e-09,-8.29905300037e-09,1.58734834194,1.05192320916e-05,7.26386360839e-07,-2.84488773346,0.0500000007451
29,0.29,0,1,0.10000000149,-2.43924773713e-08,1.58734798431,-1.29170548462e-05,2.3490890726e-06,-2.84491658211,0.0500000007451
29,0.29,0,2,-1.27113210624e-07,0.129999995232,1.58734941483,1.49113316184e-06,-7.82500933383e-07,-2.84490919113,0.0500000007451
29,0.29,0,3,0.00999994203448,0.0199990533292,1.67734849453,9.06699483494e-07,-2.29298893828e-06,-2.84491324425,0.0500000007451
29,0.29,1,0,0.386986464262,0.0148193156347,1.58631575108,0.587103843689,-0.255961596966,-3.3141105175,0.0500000007451
29,0.29,1,1,0.483732938766,-0.00590696418658,1.57594716549,-0.783839583397,0.195268362761,-2.65544509888,0.0500000007451
29,0.29,1,2,0.383331507444,0.127441957593,1.60544848442,-0.0286181345582,0.124575674534,-2.90752410889,0.0500000007451
29,0.29,1,3,0.422947585583,0.0286452807486,1.68967676163,0.225354880095,-0.0638838857412,-2.50251913071,0.0500000007451
29,0.29,2,0,0.807082295418,0.0122955907136,1.58901822567,-0.130973383784,-0.437246918678,-2.56674838066,0.0500000007451
29,0.29,2,1,0.910142421722,-0.0241725631058,1.58506011963,0.0265648514032,0.0299447178841,-2.79654788971,0.0500000007451
29,0.29,2,2,0.82588160038,0.138415277004,1.5936756134,0.102504119277,0.597985386848,-2.91170406342,0.0500000007451
29,0.29,2,3,0.819391548634,0.0234615914524,1.671636343,0.0019045220688,-0.190683364868,-3.10459518433,0.0500000007451
30,0.3,0,0,5.89927182659e-08,-3.18170485514e-08,1.55840408802,-1.85337898984e-06,-6.62272759655e-06,-2.94300603867,0.0500000007451
30,0.3,0,1,0.10000000149,6.68733379783e-09,1.55840349197,-9.8327482192e-06,3.76559819415e-06,-2.94300198555,0.0500000007451
30,0.3,0,2,-1.11147024029e-07,0.129999995232,1.55840504169,1.50847245095e-06,5.48645346043e-07,-2.94300365448,0.0500000007451
30,0.3,0,3,0.00999998953193,0.0199990533292,1.64840400219,1.01776677184e-05,2.30846785598e-06,-2.94300937653,0.0500000007451
30,0.3,1,0,0.390862464905,0.00879095029086,1.55688643456,0.148137465119,-0.886985123158,-2.57313394547,0.0500000007451
30,0.3,1,1,0.477912664413,-0.00159296265338,1.54748833179,-0.328111827374,0.640309691429,-3.03402137756,0.0500000007451
30,0.3,1,2,0.385041594505,0.131065323949,1.57495474815,0.342307657003,0.56009054184,-3.18141245842,0.0500000007451
30,0.3,1,3,0.423181444407,0.0267362818122,1.66228091717,-0.162332266569,-0.313416451216,-2.98343086243,0.0500000007451
30,0.3,2,0,0.80521851778,0.0064422651194,1.56090712547,-0.170567989349,-0.65603941679,-3.02069878578,0.0500000007451
30,0.3,2,1,0.909617781639,-0.0223069544882,1.55672931671,-0.164110302925,0.321045488119,-2.8690969944,0.0500000007451
30,0.3,2,2,0.827902436256,0.14423584938,1.56390237808,0.267065167427,0.510481536388,-3.04079341888,0.0500000007451
30,0.3,2,3,0.819759488106,0.021628677845,1.64207279682,0.0676131621003,-0.175487220287,-2.84140515327,0.0500000007451
31,0.31,0,0,-2.39567903293e-08,-1.29024527951e-07,1.52847850323,-1.08174044726e-05,-1.01596415334e-05,-3.04112434387,0.0500000007451
31,0.31,0,1,0.10000000149,4.46581935876e-08,1.5284781456,-7.59014892537e-06,3.33296884492e-06,-3.04108738899,0.0500000007451
31,0.31,0,2,-1.01460095436e-07,0.129999995232,1.52847957611,2.63297067704e-07,4.46672970611e-07,-3.04111289978,0.0500000007451
31,0.31,0,3,0.0100001432002,0.0199990533292,1.61847865582,1.81442719622e-05,6.37998164166e-06,-3.04110074043,0.0500000007451
31,0.31,1,0,0.39038670063,-0.000794389867224,1.53431797028,-0.179054379463,-0.903512835503,-2.01203370094,0.0500000007451
31,0.31,1,1,0.477103680372,0.00589077500626,1.51568222046,0.115169204772,0.787300407887,-3.28699016571,0.0500000007451
31,0.31,1,2,0.389245063066,0.137276828289,1.54213416576,0.4428383708,0.603094756603,-3.35901522636,0.0500000007451
31,0.31,1,3,0.420262545347,0.0226263031363,1.62977397442,-0.378952175379,-0.486883938313,-3.5063598156,0.0500000007451
31,0.31,2,0,0.805013120174,0.000751783198211,1.52957451344,0.160480812192,-0.418796926737,-3.19838500023,0.0500000007451
31,0.31,2,1,0.906295061111,-0.0181942544878,1.52763843536,-0.499757230282,0.474425077438,-2.95106983185,0.0500000007451
31,0.31,2,2,0.830619871616,0.147550329566,1.53289103508,0.254031062126,0.120053559542,-3.15782499313,0.0500000007451
31,0.31,2,3,0.820569753647,0.0198919381946,1.61380624771,0.0852452740073,-0.175681516528,-2.8571126461,0.0500000007451
32,0.32,0,0,-8.85565540898e-08,-1.92066323734e-07,1.49757182598,1.01438490674e-06,-1.15060038297e-06,-3.1392185688,0.0500000007451
32,0.32,0,1,0.10000000149,6.340959402e-08,1.49757182598,-1.50331889017e-05,1.23744328562e-07,-3.13919472694,0.0500000007451
32,0.32,0,2,-1.09153056371e-07,0.129999995232,1.49757289886,-1.70794169208e-06,-6.98418625689e-06,-3.13921523094,0.0500000007451
32,0.32,0,3,0.0100003294647,0.0199990533292,1.58757209778,1.57267586474e-05,8.01102396508e-06,-3.13920998573,0.0500000007451
32,0.32,1,0,0.388211518526,-0.00724985450506,1.51467716694,-0.238292142749,-0.335298091173,-2.04423880577,0.0500000007451
32,0.32,1,1,0.479308396578,0.0128601072356,1.48249387741,0.291830837727,0.554476499557,-3.31940412521,0.0500000007451
32,0.32,1,2,0.392952948809,0.14193585515,1.50817704201,0.262575447559,0.300068616867,-3.41401553154,0.0500000007451
32,0.32,1,3,0.416525304317,0.0174534004182,1.59293377399,-0.316113203764,-0.519248604774,-3.77913713455,0.0500000007451
32,0.32,2,0,0.80808365345,-0.00115124194417,1.49732398987,0.381662428379,0.0395966246724,-3.25934863091,0.0500000007451
32,0.32,2,1,0.9003251791,-0.0133298235014,1.49762010574,-0.61796271801,0.473509222269,-3.05599498749,0.0500000007451
32,0.32,2,2,0.832724869251,0.146392628551,1.50075399876,0.163944467902,-0.330565035343,-3.26874136925,0.0500000007451
32,0.32,2,3,0.821364462376,0.0180882606655,1.58458566666,0.0723558440804,-0.182540476322,-2.97270750999,0.0500000007451
33,0.33,0,0,1.6429600791e-08,-1.47341992829e-07,1.4656842947,1.80210754479e-05,8.35811260913e-06,-3.23730397224,0.0500000007451
33,0.33,0,1,0.10000000149,4.74062495925e-08,1.46568441391,-2.16565604205e-05,-2.88262390313e-06,-3.23730397224,0.0500000007451
33,0.33,0,2,-1.31910169898e-07,0.129999995232,1.46568536758,-2.41970155912e-06,-1.49546804096e-05,-3.2373085022,0.0500000007451
33,0.33,0,3,0.0100004421547,0.0199990738183,1.55568444729,6.0551938077e-06,9.47917760641e-06,-3.23731923103,0.0500000007451
33,0.33,1,0,0.385478258133,-0.0071811741218,1.49067664146,-0.316244900227,0.319901615381,-2.86322450638,0.0500000007451
33,0.33,1,1,0.482552886009,0.0161461662501,1.44964742661,0.336596429348,0.0839470773935,-3.24667525291,0.0500000007451
33,0.33,1,2,0.393925994635,0.143095552921,1.47416341305,-0.0771840289235,-0.056163277477,-3.37373948097,0.0500000007451
33,0.33,1,3,0.415040761232,0.0129388989881,1.55624556541,0.0568332932889,-0.34768691659,-3.46555423737,0.0500000007451
33,0.33,2,0,0.810749590397,0.00117309042253,1.46392595768,0.0676421523094,0.383794307709,-3.43707752228,0.0500000007451
33,0.33,2,1,0.895836353302,-0.00915824063122,1.46641039848,-0.197628185153,0.346019625664,-3.18998193741,0.0500000007451
33,0.33,2,2,0.833925902843,0.141609981656,1.46752679348,0.0822822228074,-0.579434335232,-3.37090706825,0.0500000007451
33,0.33,2,3,0.821985960007,0.0163748916239,1.55487000942,0.047703858465,-0.15037958324,-2.95122599602,0.0500000007451
34,0.34,0,0,2.10389600852e-07,-6.59646701706e-08,1.43281602859,1.62061314768e-05,4.90253341923e-06,-3.33540225029,0.0500000007451
34,0.34,0,1,0.10000000149,1.89355660041e-08,1.43281602859,-1.34128695208e-05,-2.12739996641e-06,-3.33541321754,0.0500000007451
34,0.34,0,2,-1.47978838072e-07,0.129999995232,1.43281686306,-4.02953332923e-07,-1.40295542224e-05,-3.3354177475,0.0500000007451
34,0.34,0,3,0.0100004542619,0.0199992600828,1.52281594276,-2.39030714511e-06,1.12544030344e-05,-3.33541560173,0.0500000007451
34,0.34,1,0,0.382394850254,-0.00151029101107,1.4563601017,-0.237186223269,0.771008372307,-3.95435762405,0.0500000007451
34,0.34,1,1,0.485341310501,0.0144164850935,1.41747629642,0.176358550787,-0.407578259706,-3.19628691673,0.0500000007451
34,0.34,1,2,0.39151507616,0.140984654427,1.44103550911,-0.377678900957,-0.355734437704,-3.23911833763,0.0500000007451
34,0.34,1,3,0.417746841908,0.0111086126417,1.52438664436,0.43850710988,-0.00769738061354,-2.95182800293,0.0500000007451
34,0.34,2,0,0.808803617954,0.00576742133126,1.42876207829,-0.410911500454,0.501444160938,-3.55351352692,0.0500000007451
34,0.34,2,1,0.897106170654,-0.00660537369549,1.43364620209,0.414015263319,0.164713412523,-3.37060260773,0.0500000007451
34,0.34,2,2,0.834458291531,0.135520607233,1.43351852894,0.0268776118755,-0.615495860577,-3.41751718521,0.0500000007451
34,0.34,2,3,0.822129547596,0.0153171140701,1.52533304691,-0.0299811530858,-0.0506616942585,-2.99995994568,0.0500000007451
35,0.35,0,0,2.85190395743e-07,-7.68471295487e-08,1.39896655083,-2.22641733671e-06,-6.87929559717e-06,-3.43351149559,0.0500000007451
35,0.35,0,1,0.10000000149,1.51440477936e-08,1.39896643162,5.71751661482e-06,1.46714182847e-06,-3.43352246284,0.0500000007451
35,0.35,0,2,-1.34076145741e-07,0.129999995232,1.39896726608,3.09638608087e-06,-6.99469455867e-06,-3.4335269928,0.0500000007451
35,0.35,0,3,0.0100003974512,0.0199994463474,1.488966465,-6.58747785565e-06,1.2406831047e-05,-3.43350100517,0.0500000007451
35,0.35,1,0,0.382079690695,0.00733102904633,1.41335642338,0.202538713813,0.929845809937,-4.52279520035,0.0500000007451
35,0.35,1,1,0.485342502594,0.00867821741849,1.3854881525,-0.179714202881,-0.686412513256,-3.2206261158,0.0500000007451
35,0.35,1,2,0.387012720108,0.136168196797,1.40949499607,-0.484151393175,-0.58086669445,-3.0768032074,0.0500000007451
35,0.35,1,3,0.422563225031,0.0128220282495,1.49552214146,0.461327314377,0.3374312222,-2.91376805305,0.0500000007451
35,0.35,2,0,0.804210841656,0.0106833465397,1.3938832283,-0.41302138567,0.457102268934,-3.38382554054,0.0500000007451
35,0.35,2,1,0.90265417099,-0.00578894512728,1.3988404274,0.604865789413,0.00888219382614,-3.58996987343,0.0500000007451
35,0.35,2,2,0.834437191486,0.129531979561,1.39941644669,-0.0327871888876,-0.573756814003,-3.39375710487,0.0500000007451
35,0.35,2,3,0.821195065975,0.0155734214932,1.49372220039,-0.159057199955,0.107772365212,-3.36644339561,0.0500000007451
36,0.36,0,0,1.80057384114e-07,-1.72873640736e-07,1.3641358614,-1.5566834918e-05,-9.12565701583e-06,-3.53161001205,0.0500000007451
36,0.36,0,1,0.10000000149,4.36274056881e-08,1.36413562298,1.83342781384e-05,3.62375362783e-06,-3.53163170815,0.0500000007451
36,0.36,0,2,-9.19450044989e-08,0.129999995232,1.36413645744,4.75162687508e-06,-4.99418956679e-06,-3.5316362381,0.0500000007451
36,0.36,0,3,0.010000304319,0.0199996326119,1.45413601398,-7.5190591815e-06,1.0496075447e-05,-3.53159713745,0.0500000007451
36,0.36,1,0,0.385848075151,0.0152223482728,1.36806631088,0.453247845173,0.539044260979,-4.44469308853,0.0500000007451
36,0.36,1,1,0.482468396425,0.00188831146806,1.35243189335,-0.312835097313,-0.604934513569,-3.42851138115,0.0500000007451
36,0.36,1,2,0.382680684328,0.130368188024,1.37917757034,-0.335227072239,-0.503741502762,-3.01309967041,0.0500000007451
36,0.36,1,3,0.426000893116,0.0175204798579,1.4648630619,0.194814890623,0.569629669189,-3.24009084702,0.0500000007451
36,0.36,2,0,0.801821172237,0.0142840649933,1.3612203598,-0.0500612594187,0.228777453303,-3.1845407486,0.0500000007451
36,0.36,2,1,0.907847762108,-0.00626643234864,1.36191880703,0.39944177866,-0.0969189703465,-3.78218841553,0.0500000007451
36,0.36,2,2,0.833807706833,0.12442650646,1.36575555801,-0.0875379145145,-0.41679751873,-3.33806824684,0.0500000007451
36,0.36,2,3,0.819021165371,0.0175556913018,1.4576458931,-0.261842429638,0.284939020872,-3.82159757614,0.0500000007451
37,0.37,0,0,2.02666665672e-08,-2.14238568219e-07,1.32832443714,-1.46852999023e-05,1.75163563654e-06,-3.6296954155,0.0500000007451
37,0.37,0,1,0.10000000149,7.43492662991e-08,1.3283239603,1.72757936525e-05,1.86634463262e-06,-3.62972927094,0.0500000007451
37,0.37,0,2,-5.10530426823e-08,0.129999995232,1.32832467556,2.84643169834e-06,-1.10847931865e-05,-3.6297454834,0.0500000007451
37,0.37,0,3,0.0100002111867,0.0199996866286,1.41832458973,-5.43690430277e-06,7.46679324948e-06,-3.62970638275,0.0500000007451
37,0.37,1,0,0.388828188181,0.0160924103111,1.32594668865,0.0683831274509,-0.395662903786,-3.92823863029,0.0500000007451
37,0.37,1,1,0.480984181166,-0.00212002801709,1.31616842747,0.0776969343424,-0.157794743776,-3.83915424347,0.0500000007451
37,0.37,1,2,0.3812700212,0.127682521939,1.34858322144,0.0771241486073,0.0092285014689,-3.13894224167,0.0500000007451
37,0.37,1,3,0.425915449858,0.0233444571495,1.43059444427,-0.22320382297,0.544226825237,-3.61245965958,0.0500000007451
37,0.37,2,0,0.80275374651,0.0145230125636,1.32888925076,0.181425064802,-0.200226575136,-3.36018204689,0.0500000007451
37,0.37,2,1,0.91049605608,-0.00766974175349,1.32348620892,0.148057207465,-0.181239336729,-3.88357591629,0.0500000007451
37,0.37,2,2,0.83286190033,0.122038237751,1.33255648613,-0.0921434313059,-0.026006359607,-3.31453108788,0.0500000007451
37,0.37,2,3,0.816385746002,0.021108340472,1.41836225986,-0.237338572741,0.407472282648,-3.96050429344,0.0500000007451
38,0.38,0,0,-9.17675535561e-08,-1.36883869573e-07,1.29153215885,-7.58454507377e-06,1.24008083731e-05,-3.72779750824,0.0500000007451
38,0.38,0,1,0.10000000149,7.18873423011e-08,1.2915314436,7.94193692855e-06,-2.49677395914e-06,-3.72781467438,0.0500000007451
38,0.38,0,2,-4.25602237897e-08,0.129999995232,1.29153192043,-1.24222697195e-06,-2.04925472644e-05,-3.72783899307,0.0500000007451
38,0.38,0,3,0.0100001953542,0.0199997220188,1.38153219223,8.84860639871e-07,1.05884910226e-05,-3.72781562805,0.0500000007451
38,0.38,1,0,0.387597411871,0.0084041710943,1.29024207592,-0.211871698499,-0.998463213444,-3.21774721146,0.0500000007451
38,0.38,1,1,0.483794271946,-0.00121990824118,1.275832057,0.400131672621,0.293643891811,-4.18597650528,0.0500000007451
38,0.38,1,2,0.384024202824,0.130246549845,1.31584656239,0.424824237823,0.427058249712,-3.41995954514,0.0500000007451
38,0.38,1,3,0.421581804752,0.0275685731322,1.39220285416,-0.613083958626,0.277758538723,-4.08751344681,0.0500000007451
38,0.38,2,0,0.804511725903,0.0103533091024,1.29279530048,0.150317922235,-0.588169515133,-3.86962580681,0.0500000007451
38,0.38,2,1,0.911146998405,-0.00984179507941,1.28467404842,-0.00778371701017,-0.247342363,-3.85962867737,0.0500000007451
38,0.38,2,2,0.832027316093,0.124281287193,1.29904460907,-0.0805682763457,0.454695522785,-3.41304922104,0.0500000007451
38,0.38,2,3,0.81481128931,0.0252070631832,1.37961113453,-0.0619655773044,0.380816221237,-3.76889133453,0.0500000007451
39,0.39,0,0,-1.2898244961e-07,1.0693174346e-08,1.2537586689,-8.41480471081e-07,1.50593505168e-05,-3.82590675354,0.0500000007451
39,0.39,0,1,0.10000000149,2.78922911434e-08,1.25375795364,-2.43347426476e-06,-5.82934035265e-06,-3.82590007782,0.0500000007451
39,0.39,0,2,-7.22598798575e-08,0.129999995232,1.25375819206,-4.2543656491e-06,-2.72749493888e-05,-3.82592439651,0.0500000007451
39,0.39,0,3,0.0100002381951,0.0199999082834,1.34375858307,7.52934602133e-06,1.8044913304e-05,-3.82592487335,0.0500000007451
39,0.39,1,0,0.386441528797,-0.000983213772997,1.26080048084,0.0183193348348,-0.765164017677,-2.76691675186,0.0500000007451
39,0.39,1,1,0.487294048071,0.00271967216395,1.23341596127,0.24800825119,0.440365493298,-4.2478556633,0.0500000007451
39,0.39,1,2,0.388744980097,0.134702205658,1.28003156185,0.470318883657,0.40977114439,-3.74367523193,0.0500000007451
39,0.39,1,3,0.414517134428,0.0285607241094,1.34878218174,-0.736646234989,-0.0849754288793,-4.54515075684,0.0500000007451
39,0.39,2,0,0.806052982807,0.00412066886202,1.25214445591,0.192488789558,-0.578313708305,-4.188185215,0.0500000007451
39,0.39,2,1,0.910185098648,-0.0124787082896,1.24653434753,-0.19834291935,-0.271687954664,-3.76691198349,0.0500000007451
39,0.39,2,2,0.831032752991,0.130288660526,1.26381134987,-0.128324791789,0.683876872063,-3.64750671387,0.0500000007451
39,0.39,2,3,0.815226078033,0.0280692931265,1.34254181385,0.134179234505,0.166124641895,-3.70099043846,0.0500000007451
40,0.4,0,0,-1.18632641488e-07,1.32844746759e-07,1.21500408649,1.98054522116e-06,7.76241267886e-06,-3.92401599884,0.0500000007451
40,0.4,0,1,0.10000000149,-3.2969843744e-08,1.21500360966,-7.58697524361e-06,-5.71741429667e-06,-3.9240000248,0.0500000007451
40,0.4,0,2,-1.16170681963e-07,0.129999995232,1.21500360966,-3.89858132621e-06,-2.75469392363e-05,-3.92400979996,0.0500000007451
40,0.4,0,3,0.0100003313273,0.0200000945479,1.30500388145,9.50503999775e-06,2.55019003816e-05,-3.92402362823,0.0500000007451
40,0.4,1,0,0.387314498425,-0.00556246517226,1.23215067387,0.0652341544628,-0.141601711512,-3.12752461433,0.0500000007451
40,0.4,1,1,0.488622486591,0.00671728141606,1.19167566299,0.0501644350588,0.326798290014,-4.07280635834,0.0500000007451
40,0.4,1,2,0.392531722784,0.13803781569,1.2407886982,0.248870268464,0.265764325857,-4.1103682518,0.0500000007451
40,0.4,1,3,0.408528923988,0.0258066635579,1.30339634418,-0.364268600941,-0.450963675976,-4.38529729843,0.0500000007451
40,0.4,2,0,0.808834314346,0.000128628598759,1.21039330959,0.356207668781,-0.183993816376,-4.11427211761,0.0500000007451
40,0.4,2,1,0.907036781311,-0.0151120703667,1.20924186707,-0.414003044367,-0.24688398838,-3.70219302177,0.0500000007451
40,0.4,2,2,0.8293800354,0.136849343777,1.22590005398,-0.196867540479,0.588952898979,-3.93496632576,0.0500000007451
40,0.4,2,3,0.817246377468,0.0281340368092,1.30447852612,0.254663258791,-0.158075302839,-3.94456338882,0.0500000007451
41,0.41,0,0,-1.00364658806e-07,1.52140017917e-07,1.17526853085,1.6356125343e-06,-3.38800759891e-06,-4.02211999893,0.0500000007451
41,0.41,0,1,0.10000000149,-7.59148974794e-08,1.17526817322,-8.01111764304e-06,-2.5253827971e-06,-4.02210378647,0.0500000007451
41,0.41,0,2,-1.41241812912e-07,0.129999995232,1.17526817322,-8.39188203372e-07,-2.28594872169e-05,-4.02210521698,0.0500000007451
41,0.41,0,3,0.0100004244596,0.0200003832579,1.26526832581,7.21472270016e-06,2.87728398689e-05,-4.02210903168,0.0500000007451
41,0.41,1,0,0.386202245951,-0.00400317599997,1.19549298286,-0.284050196409,0.428279697895,-4.23398590088,0.0500000007451
41,0.41,1,1,0.488790780306,0.00879597570747,1.15230727196,-0.0254193581641,0.0817592591047,-3.80169081688,0.0500000007451
41,0.41,1,2,0.393214732409,0.140160039067,1.19786202908,-0.104923270643,0.151028856635,-4.44406938553,0.0500000007451
41,0.41,1,3,0.408790111542,0.0200465135276,1.26340603828,0.414393186569,-0.66107070446,-3.60865426064,0.0500000007451
41,0.41,2,0,0.812314927578,0.000608575472143,1.1701592207,0.267717331648,0.24972012639,-3.95262336731,0.0500000007451
41,0.41,2,1,0.902767956257,-0.0172203704715,1.17225265503,-0.373560190201,-0.164295449853,-3.7092063427,0.0500000007451
41,0.41,2,2,0.827354371548,0.141684725881,1.18508136272,-0.188211858273,0.381376177073,-4.22238349915,0.0500000007451
41,0.41,2,3,0.820059776306,0.0249269772321,1.26357913017,0.294055044651,-0.466800808907,-4.20418167114,0.0500000007451
42,0.42,0,0,-7.56838289817e-08,9.00768597489e-08,1.13455200195,4.28398107033e-06,-7.28513532522e-06,-4.12020540237,0.0500000007451
42,0.42,0,1,0.10000000149,-7.9540349418e-08,1.13455176353,-8.69199266162e-06,1.75551576831e-06,-4.12018918991,0.0500000007451
42,0.42,0,2,-1.30344133709e-07,0.129999995232,1.13455176353,2.96244297715e-06,-1.83172105608e-05,-4.12019062042,0.0500000007451
42,0.42,0,3,0.0100004710257,0.0200006384403,1.22455191612,1.44559817272e-06,2.38467891904e-05,-4.12019443512,0.0500000007451
42,0.42,1,0,0.383397251368,0.00272130221128,1.14878749847,-0.159605741501,0.88458776474,-4.96577882767,0.0500000007451
42,0.42,1,1,0.487193137407,0.00840559415519,1.11545062065,-0.340679466724,-0.140817910433,-3.59307026863,0.0500000007451
42,0.42,1,2,0.39095517993,0.140499204397,1.15274012089,-0.308128207922,-0.109364703298,-4.53833341599,0.0500000007451
42,0.42,1,3,0.415452241898,0.0133731644601,1.22922420502,0.808413922787,-0.634407877922,-3.38361907005,0.0500000007451
42,0.42,2,0,0.812740683556,0.00422900030389,1.13064908981,-0.216389805079,0.419393509626,-3.98309230804,0.0500000007451
42,0.42,2,1,0.90087300539,-0.0181446503848,1.13472652435,0.0278272815049,-0.0115651078522,-3.81479477882,0.0500000007451
42,0.42,2,2,0.826064109802,0.144652560353,1.14162683487,-0.0528096370399,0.222040578723,-4.44847488403,0.0500000007451
42,0.42,2,3,0.82281935215,0.0192630309612,1.2212048769,0.241372346878,-0.629869103432,-4.23443031311,0.0500000007451
43,0.43,0,0,6.6921812536e-10,4.07344948883e-08,1.09285449982,1.10444843813e-05,-1.3425024008e-06,-4.21829080582,0.0500000007451
43,0.43,0,1,0.10000000149,-4.18680059511e-08,1.09285449982,-1.08594122139e-05,5.6697040236e-06,-4.21827459335,0.0500000007451
43,0.43,0,2,-8.33832061176e-08,0.129999995232,1.09285449982,6.2879307734e-06,-1.64263783518e-05,-4.21827697754,0.0500000007451
43,0.43,0,3,0.0100004505366,0.0200008247048,1.1828546524,-6.47297292744e-06,1.20991353469e-05,-4.21827983856,0.0500000007451
43,0.43,1,0,0.384272575378,0.0124713825062,1.09862029552,0.308022677898,0.961731016636,-4.97697973251,0.0500000007451
43,0.43,1,1,0.481770545244,0.00650635408238,1.07977068424,-0.691632866859,-0.203165769577,-3.5925450325,0.0500000007451
43,0.43,1,2,0.387749493122,0.137897998095,1.10765051842,-0.297173827887,-0.373231589794,-4.46288633347,0.0500000007451
43,0.43,1,3,0.423204988241,0.00812343228608,1.19337069988,0.68078404665,-0.385336309671,-3.84078812599,0.0500000007451
43,0.43,2,0,0.808422386646,0.00815961696208,1.09023976326,-0.562466979027,0.341771841049,-4.08778810501,0.0500000007451
43,0.43,2,1,0.903085649014,-0.0173282064497,1.09550225735,0.351252436638,0.17247492075,-4.04793596268,0.0500000007451
43,0.43,2,2,0.826444804668,0.14603599906,1.09656739235,0.120511695743,0.0408552549779,-4.53677749634,0.0500000007451
43,0.43,2,3,0.824544072151,0.0131325945258,1.17910814285,0.0907030105591,-0.5551019907,-4.20069408417,0.0500000007451
44,0.44,0,0,1.35669154133e-07,7.77730022605e-08,1.05017638206,1.51307112901e-05,8.4142848209e-06,-4.31637620926,0.0500000007451
44,0.44,0,1,0.10000000149,3.40773027574e-08,1.05017650127,-1.02071107904e-05,9.46898671828e-06,-4.3163599968,0.0500000007451
44,0.44,0,2,-5.71104319391e-09,0.129999995232,1.05017626286,9.19596641324e-06,-1.45008907566e-05,-4.31639480591,0.0500000007451
44,0.44,0,3,0.0100003546104,0.0200008563697,1.14017665386,-1.41195368997e-05,-3.38241193276e-06,-4.31638050079,0.0500000007451
44,0.44,1,0,0.38757070899,0.0193123165518,1.05029857159,0.209688350558,0.282405287027,-4.66814613342,0.0500000007451
44,0.44,1,1,0.475439548492,0.00515139568597,1.04234981537,-0.441740334034,-0.0297346096486,-3.95230913162,0.0500000007451
44,0.44,1,2,0.385839313269,0.134412109852,1.06374776363,-0.0458334721625,-0.240622922778,-4.31044483185,0.0500000007451
44,0.44,1,3,0.428148329258,0.00612323451787,1.1523026228,0.277885496616,-0.0120503855869,-4.33469820023,0.0500000007451
44,0.44,2,0,0.803463339806,0.0107728848234,1.0492027998,-0.345757186413,0.173935204744,-4.11258363724,0.0500000007451
44,0.44,2,1,0.906407773495,-0.0147803938016,1.05347836018,0.247939184308,0.326584815979,-4.35878610611,0.0500000007451
44,0.44,2,2,0.828192591667,0.145088374615,1.05135214329,0.21107955277,-0.239085510373,-4.48800468445,0.0500000007451
44,0.44,2,3,0.824433386326,0.00891922041774,1.13667106628,-0.113261565566,-0.261434555054,-4.30622196198,0.0500000007451
45,0.45,0,0,2.70830184945e-07,1.87106209637e-07,1.00651741028,8.80123025127e-06,1.05192902993e-05,-4.4144616127,0.0500000007451
45,0.45,0,1,0.10000000149,1.48090805396e-07,1.0065176487,-1.59143962719e-06,1.32300474434e-05,-4.41444540024,0.0500000007451
45,0.45,0,2,1.00490879618e-07,0.129999995232,1.00651705265,1.1991057363e-05,-8.92980551725e-06,-4.41448020935,0.0500000007451
45,0.45,0,3,0.0100001683459,0.0200007520616,1.09651732445,-1.92008137674e-05,-1.48195631482e-05,-4.41449594498,0.0500000007451
45,0.45,1,0,0.386714547873,0.0167623851448,1.00559592247,-0.346726894379,-0.742472887039,-4.25944805145,0.0500000007451
45,0.45,1,1,0.474793106318,0.00634228577837,0.999797403812,0.301134467125,0.252741515636,-4.56161499023,0.0500000007451
45,0.45,1,2,0.387261807919,0.134125888348,1.02145946026,0.310440599918,0.168750956655,-4.15949010849,0.0500000007451
45,0.45,1,3,0.428228408098,0.00776838511229,1.10720777512,-0.264848083258,0.32097786665,-4.67744445801,0.0500000007451
45,0.45,2,0,0.802400350571,0.0114304888994,1.00766408443,0.122588455677,-0.0504782050848,-4.23273992538,0.0500000007451
45,0.45,2,1,0.907307624817,-0.0110459243879,1.00833332539,-0.0659287720919,0.402251452208,-4.65916156769,0.0500000007451
45,0.45,2,2,0.8304027915,0.141305848956,1.00708532333,0.222180098295,-0.494118064642,-4.35888051987,0.0500000007451
45,0.45,2,3,0.822386682034,0.00830966513604,1.09298360348,-0.27883964777,0.142344757915,-4.40721082687,0.0500000007451
46,0.46,0,0,2.57775099044e-07,2.34004957633e-07,0.96187722683,-1.1970720152e-05,-2.31078411161e-06,-4.51256656647,0.0500000007451
46,0.46,0,1,0.10000000149,2.92847886385e-07,0.961877703667,2.03939052881e-05,1.50760979523e-05,-4.51253080368,0.0500000007451
46,0.46,0,2,2.30254940448e-07,0.129999995232,0.961876809597,1.35412974487e-05,5.8889063439e-06,-4.51256561279,0.0500000007451
46,0.46,0,3,0.00999998208135,0.0200005657971,1.05187702179,-2.19644516619e-05,-1.86542547453e-05,-4.51258134842,0.0500000007451
46,0.46,1,0,0.382950246334,0.00682653440163,0.96530020237,-0.273033320904,-1.08691895008,-3.82309508324,0.0500000007451
46,0.46,1,1,0.479772120714,0.00943156890571,0.951588451862,0.57561981678,0.313873648643,-5.0264544487,0.0500000007451
46,0.46,1,2,0.391216784716,0.136615663767,0.980215013027,0.429280996323,0.253059625626,-4.10977363586,0.0500000007451
46,0.46,1,3,0.423058718443,0.012125168927,1.05839526653,-0.73186737299,0.519982278347,-5.09106969833,0.0500000007451
46,0.46,2,0,0.805035114288,0.00962942279875,0.963555037975,0.333174288273,-0.30139619112,-4.62631845474,0.0500000007451
46,0.46,2,1,0.905627250671,-0.00713950349018,0.960564255714,-0.221180707216,0.35807466507,-4.87069034576,0.0500000007451
46,0.46,2,2,0.83252030611,0.135840386152,0.964184999466,0.195848122239,-0.561217665672,-4.23218631744,0.0500000007451
46,0.46,2,3,0.819314479828,0.0116697875783,1.04920041561,-0.307841479778,0.504539012909,-4.32120227814,0.0500000007451
47,0.47,0,0,6.10967276771e-08,1.49226337953e-07,0.916256010532,-2.2564556275e-05,-1.19237429317e-05,-4.61069107056,0.0500000007451
47,0.47,0,1,0.100000172853,4.29846807037e-07,0.916257023811,3.95730785385e-05,1.11267745524e-05,-4.61063861847,0.0500000007451
47,0.47,0,2,3.58823399438e-07,0.129999995232,0.916255831718,1.14120466606e-05,2.05504566111e-05,-4.61065101624,0.0500000007451
47,0.47,0,3,0.00999973341823,0.0200003795326,1.0062558651,-2.84205543721e-05,-1.97535155166e-05,-4.61066675186,0.0500000007451
47,0.47,1,0,0.38270971179,-0.00237315171398,0.927898526192,0.209732800722,-0.669170320034,-3.76749181747,0.0500000007451
47,0.47,1,1,0.484698206186,0.0117101371288,0.900255858898,0.382999479771,0.108373008668,-5.19319105148,0.0500000007451
47,0.47,1,2,0.394973874092,0.138172164559,0.938849389553,0.285294920206,0.0455744229257,-4.187022686,0.0500000007451
47,0.47,1,3,0.414616048336,0.0174897890538,1.0060095787,-0.878027021885,0.515219688416,-5.29508209229,0.0500000007451
47,0.47,2,0,0.807841539383,0.00588763691485,0.914911448956,0.193567365408,-0.40147459507,-5.06673574448,0.0500000007451
47,0.47,2,1,0.903816640377,-0.0042855902575,0.911428928375,-0.10865817219,0.198145598173,-4.93007802963,0.0500000007451
47,0.47,2,2,0.834128499031,0.130684256554,0.92205041647,0.113538429141,-0.453145444393,-4.22241687775,0.0500000007451
47,0.47,2,3,0.816710174084,0.017713829875,1.00662755966,-0.1984475106,0.656474411488,-4.22357082367,0.0500000007451
48,0.48,0,0,-2.30915251365e-08,8.55262314303e-08,0.869653820992,9.45695865084e-06,1.82218809641e-06,-4.708776474,0.0500000007451
48,0.48,0,1,0.100000433624,4.92095296067e-07,0.869655072689,2.42842343141e-05,7.78223125053e-07,-4.70874929428,0.0500000007451
48,0.48,0,2,4.42222955144e-07,0.129999995232,0.869653999805,4.77020284961e-06,2.01935108635e-05,-4.70873641968,0.0500000007451
48,0.48,0,3,0.0099993981421,0.0200001932681,0.959653913975,-3.85113817174e-05,-2.27939472097e-05,-4.7087521553,0.0500000007451
48,0.48,1,0,0.385549396276,-0.00567133491859,0.887109577656,0.242768228054,0.00636138254777,-4.51978540421,0.0500000007451
48,0.48,1,1,0.487735003233,0.0111211072654,0.848495364189,0.263133257627,-0.229953244328,-5.12446594238,0.0500000007451
48,0.48,1,2,0.396176964045,0.137830615044,0.895815551281,-0.0707921236753,-0.0813379064202,-4.45300102234,0.0500000007451
48,0.48,1,3,0.407536864281,0.0217185132205,0.955183327198,-0.435109078884,0.304926544428,-4.73793077469,0.0500000007451
48,0.48,2,0,0.808817267418,0.00266962475143,0.863439798355,0.0236159842461,-0.19374807179,-5.15039777756,0.0500000007451
48,0.48,2,1,0.903684139252,-0.00341642438434,0.862331390381,0.0712414085865,-0.0269620977342,-4.88044118881,0.0500000007451
48,0.48,2,2,0.834519684315,0.126911088824,0.879156053066,-0.0431089885533,-0.304398179054,-4.38031291962,0.0500000007451
48,0.48,2,3,0.815475285053,0.0238357968628,0.963681340218,-0.051748316735,0.525108218193,-4.42404985428,0.0500000007451
49,0.49,0,0,2.37705378936e-07,1.91499594848e-07,0.822070717812,3.84609229513e-05,1.73409207491e-05,-4.80686187744,0.0500000007451
49,0.49,0,1,0.100000433624,4.4709992153e-07,0.822072207928,7.41168059903e-06,-8.77903949004e-06,-4.80683469772,0.0500000007451
49,0.49,0,2,4.52859893585e-07,0.129999995232,0.822071254253,-2.09115137295e-06,1.83975971595e-05,-4.80682182312,0.0500000007451
49,0.49,0,3,0.00999897345901,0.0200000070035,0.912070989609,-4.3781416025e-05,-2.69595038844e-05,-4.80684995651,0.0500000007451
49,0.49,1,0,0.386380404234,-0.00241085048765,0.836388468742,-0.0362247265875,0.623589813709,-5.54586935043,0.0500000007451
49,0.49,1,1,0.490180701017,0.0072892406024,0.798373222351,0.193103194237,-0.506686866283,-4.88440847397,0.0500000007451
49,0.49,1,2,0.393417030573,0.136855065823,0.849369764328,-0.450424164534,-0.124135956168,-4.8246307373,0.0500000007451
49,0.49,1,3,0.40702009201,0.0232653692365,0.912139117718,0.293545752764,0.00722968950868,-3.97267389297,0.0500000007451
49,0.49,2,0,0.808787226677,0.00268521741964,0.813187539577,-0.0131810167804,0.199974000454,-4.86526346207,0.0500000007451
49,0.49,2,1,0.904922306538,-0.00480488408357,0.813872158527,0.160344868898,-0.239545673132,-4.81439304352,0.0500000007451
49,0.49,2,2,0.833206951618,0.124607130885,0.834037899971,-0.21199734509,-0.152005895972,-4.65346479416,0.0500000007451
49,0.49,2,3,0.815580964088,0.0275126248598,0.917177975178,0.0648336037993,0.191577613354,-4.8944773674,0.0500000007451
50,0.5,0,0,6.29633007065e-07,3.65695910887e-07,0.773506760597,3.36790872097e-05,1.35920290631e-05,-4.90494966507,0.0500000007451
50,0.5,0,1,0.100000433624,3.43792891044e-07,0.773508548737,1.02318217614e-05,-1.03053926068e-05,-4.90492010117,0.0500000007451
50,0.5,0,2,4.16736554598e-07,0.129999995232,0.773507773876,-4.10114353144e-06,2.65963826678e-05,-4.90490722656,0.0500000007451
50,0.5,0,3,0.00999853666872,0.0199996810406,0.863507211208,-3.9809714508e-05,-2.98830509564e-05,-4.90493535995,0.0500000007451
50,0.5,1,0,0.3865621984,0.0062632150948,0.778903305531,0.142781153321,1.04883921146,-5.80018568039,0.0500000007451
50,0.5,1,1,0.49050322175,0.00174551072996,0.750867724419,-0.163158625364,-0.554262042046,-4.63271427155,0.0500000007451
50,0.5,1,2,0.388047665358,0.134892135859,0.799747109413,-0.572384476662,-0.278259158134,-5.0746884346,0.0500000007451
50,0.5,1,3,0.411885231733,0.0220979340374,0.872495114803,0.59276175499,-0.216321617365,-4.11239480972,0.0500000007451
50,0.5,2,0,0.808531522751,0.00628021918237,0.766206920147,-0.0544826574624,0.469772011042,-4.56662940979,0.0500000007451
50,0.5,2,1,0.906770408154,-0.00792047567666,0.765965163708,0.210578128695,-0.362081170082,-4.77303314209,0.0500000007451
50,0.5,2,2,0.830543577671,0.124188609421,0.785926878452,-0.299043029547,0.0878723561764,-4.96545028687,0.0500000007451
50,0.5,2,3,0.816651761532,0.027451723814,0.865919232368,0.142947465181,-0.195563346148,-5.314889431,0.0500000007451
