frame,time_s,accepted_steps,rejected_steps,normal_kinetic_loss_J,contact_elastic_change_J,contact_gravity_change_J,contact_mechanical_change_J,maximum_positive_contact_step_J,free_integration_change_J,absolute_free_integration_change_J,maximum_absolute_free_step_J,elastic_force_work_J,absolute_position_projection_work_J,maximum_position_projection_step_J,maximum_absolute_contact_step_J,positive_contact_work_J,independent_mechanical_energy_J
0,0,0,0,0,0,0,0,0,0,0,0,0,0,0,0,0,0.528692308057
1,0.005,200,0,0,0,0,0,0,-1.88984563465e-06,2.70233408628e-06,3.24526752138e-08,9.96827844064e-15,0,0,0,0,0.528690419553
2,0.01,400,0,0,0,0,0,0,-3.84822124033e-06,5.43141277376e-06,3.24526752138e-08,-3.12999165432e-13,0,0,0,0,0.528688465097
3,0.015,600,0,0,0,0,0,0,-5.73542320126e-06,8.09388347989e-06,3.24526752138e-08,2.46835082755e-12,0,0,0,0,0.528686580537
4,0.02,800,0,0,0,0,0,0,-7.63448042562e-06,1.07091091195e-05,3.24526752138e-08,8.55960614887e-12,0,0,0,0,0.52868468578
5,0.025,1000,0,0,0,0,0,0,-9.5106452136e-06,1.32703326017e-05,3.24526752138e-08,2.27457341156e-11,0,0,0,0,0.528682810055
6,0.03,1200,0,0,0,0,0,0,-1.14115991892e-05,1.57827253133e-05,3.24526752138e-08,4.36578169449e-11,0,0,0,0,0.528680913356
7,0.035,1400,0,0,0,0,0,0,-1.3317736375e-05,1.8304986952e-05,3.24526752138e-08,7.39867472843e-11,0,0,0,0,0.528679006483
8,0.04,1600,0,0,0,0,0,0,-1.51862996063e-05,2.07831399166e-05,3.24526752138e-08,1.05145316065e-10,0,0,0,0,0.528677137637
9,0.045,1800,0,0,0,0,0,0,-1.7111939087e-05,2.32921156567e-05,3.24526752138e-08,1.31844299367e-10,0,0,0,0,0.528675209656
10,0.05,2000,0,0,0,0,0,0,-1.90002865565e-05,2.57163374044e-05,3.24526752138e-08,1.7032977806e-10,0,0,0,0,0.528673319566
11,0.055,2200,0,0,0,0,0,0,-2.08990240935e-05,2.81128995994e-05,3.24526752138e-08,2.10615608287e-10,0,0,0,0,0.528671422675
12,0.06,2400,0,0,0,0,0,0,-2.27987893595e-05,3.04973054881e-05,3.24526752138e-08,2.61850513494e-10,0,0,0,0,0.528669523685
13,0.065,2600,0,0,0,0,0,0,-2.46915569733e-05,3.27880406985e-05,3.24526752138e-08,3.048587216e-10,0,0,0,0,0.528667629537
14,0.07,2800,0,0,0,0,0,0,-2.6589483241e-05,3.49950678356e-05,3.24526752138e-08,3.4237956914e-10,0,0,0,0,0.528665732587
15,0.075,3000,0,0,0,0,0,0,-2.8482370908e-05,3.71234782506e-05,3.24526752138e-08,3.73227559969e-10,0,0,0,0,0.528663840743
16,0.08,3200,0,0,0,0,0,0,-3.03877404804e-05,3.9209589886e-05,3.24526752138e-08,4.17031825739e-10,0,0,0,0,0.528661935243
17,0.085,3400,0,0,0,0,0,0,-3.22809646605e-05,4.12198460253e-05,3.24526752138e-08,4.60977478411e-10,0,0,0,0,0.528660041162
18,0.09,3600,0,0,0,0,0,0,-3.4161916119e-05,4.31470980402e-05,3.24526752138e-08,5.06679476153e-10,0,0,0,0,0.528658163065
19,0.095,3800,0,0,0,0,0,0,-3.60771045962e-05,4.50720726803e-05,3.24526752138e-08,5.54632673122e-10,0,0,0,0,0.528656245736
20,0.1,4000,0,0,0,0,0,0,-3.79938355763e-05,4.69913429697e-05,3.24526752138e-08,6.0368426924e-10,0,0,0,0,0.528654329051
21,0.105,4200,0,0,0,0,0,0,-3.98917181883e-05,4.88892255817e-05,3.24526752138e-08,6.44518716175e-10,0,0,0,0,0.528652435485
22,0.11,4400,0,0,0,0,0,0,-4.18187300966e-05,5.08168559463e-05,3.24526752138e-08,6.75176026199e-10,0,0,0,0,0.528650505048
23,0.115,4600,0,0,0,0,0,0,-4.37230373791e-05,5.27211996086e-05,3.24526752138e-08,7.10306091722e-10,0,0,0,0,0.528648602075
24,0.12,4800,0,0,0,0,0,0,-4.55851841252e-05,5.45919829165e-05,3.24526752138e-08,7.38840044701e-10,0,0,0,0,0.528646739485
25,0.125,5000,0,0,0,0,0,0,-4.75254310004e-05,5.65322297916e-05,3.24526752138e-08,7.75251030039e-10,0,0,0,0,0.52864479816
26,0.13,5200,0,0,0,0,0,0,-4.94455343869e-05,5.84546396567e-05,3.24526752138e-08,8.04123712062e-10,0,0,0,0,0.528642879818
27,0.135,5400,0,0,0,0,0,0,-5.13641825819e-05,6.03732878517e-05,3.24526752138e-08,8.24940005195e-10,0,0,0,0,0.52864096045
28,0.14,5600,0,0,0,0,0,0,-5.32740086783e-05,6.22831430519e-05,3.24526752138e-08,8.48531023223e-10,0,0,0,0,0.528639050715
29,0.145,5800,0,0,0,0,0,0,-5.52315177629e-05,6.42406739644e-05,3.24526752138e-08,8.70248373364e-10,0,0,0,0,0.528637094355
30,0.15,6000,0,0,0,0,0,0,-5.71681084693e-05,6.61772864987e-05,3.24526752138e-08,8.72815264508e-10,0,0,0,0,0.528635157789
31,0.155,6200,0,0,0,0,0,0,-5.90864801779e-05,6.80956509314e-05,3.24526752138e-08,8.96371976644e-10,0,0,0,0,0.528633236766
32,0.16,6400,0,0,0,0,0,0,-6.10097013123e-05,7.00188611518e-05,3.24526752138e-08,9.280265445e-10,0,0,0,0,0.528631315375
33,0.165,6600,0,0.0089868158102,0.000388879678212,3.80763572139e-06,-0.00859413389117,4.07793413615e-06,-0.000160159790539,0.000215592765016,3.12677502734e-06,-0.012178003788,0.000392687332351,8.10354413261e-06,0.002941619372,0.000187279481906,0.519938042322
34,0.17,6800,0,0.0184030644596,0.00371196377091,2.32958118431e-05,-0.014667798765,1.17307745313e-05,-0.00170162459835,0.00175705761649,1.10852333819e-05,-0.0722592696548,0.00373525824398,2.34258932323e-05,0.002941619372,0.00178303092252,0.512322932806
35,0.175,7000,0,0.0231688059866,0.00912218727171,5.21028778167e-05,-0.0139945233241,1.55421512318e-05,-0.0043680225499,0.00442345580086,1.42782791954e-05,-0.1654522717,0.00917429011315,3.19002756441e-05,0.002941619372,0.00437338696793,0.510329817622
36,0.18,7200,0,0.0288244839758,0.0165603905916,8.80129082361e-05,-0.012176095508,1.99943606276e-05,-0.00808581430465,0.00814124755561,2.073568794e-05,-0.262943357229,0.0166483912617,3.99847776862e-05,0.002941619372,0.00799765530974,0.50843044691
37,0.185,7400,0,0.0331146083772,0.0239808894694,0.00012642321235,-0.00900732446462,2.02139472094e-05,-0.0119314221665,0.0119868554175,2.38672746491e-05,-0.31649261713,0.0241073034704,4.10877109971e-05,0.002941619372,0.0116400998086,0.507753613585
38,0.19,7600,0,0.0361009836197,0.0297400280833,0.000159443254233,-0.00620154570788,2.02139472094e-05,-0.0149001227692,0.0149555560201,2.38672746491e-05,-0.344356536865,0.0298994723707,4.10877109971e-05,0.002941619372,0.0145023288205,0.507590680914
39,0.195,7800,0,0.0380393229425,0.0335846953094,0.000183826414286,-0.00427088374272,2.02139472094e-05,-0.0170383211225,0.0170937571675,2.38672746491e-05,-0.316870748997,0.0337685197592,4.10877109971e-05,0.002941619372,0.0164329838008,0.507383142137
40,0.2,8000,0,0.0387311056256,0.0349505618215,0.00019609600713,-0.0035845306702,2.02139472094e-05,-0.0178986433893,0.0179540794343,2.38672746491e-05,-0.19366081059,0.0351466275752,4.10877109971e-05,0.002941619372,0.0171193312854,0.507209174895
41,0.205,8200,0,0.0397981032729,0.0367970094085,0.000209671241464,-0.00279149739072,2.02139472094e-05,-0.0186261795461,0.018681615591,2.38672746491e-05,-0.0773607343435,0.0370066538453,4.10877109971e-05,0.002941619372,0.0180434584618,0.507274653331
42,0.21,8400,0,0.0414643250406,0.0393142290413,0.00022562572849,-0.00192453246564,2.02139472094e-05,-0.0196719858795,0.0197274219245,2.38672746491e-05,-0.0580886378884,0.0395398326218,4.10877109971e-05,0.002941619372,0.0192953851074,0.507095822395
43,0.215,8600,0,0.0423720479012,0.0411139838398,0.00023850290745,-0.00101961928885,2.02139472094e-05,-0.0206193774939,0.0206748135388,2.38672746491e-05,-0.0778097212315,0.0413524657488,4.10877109971e-05,0.002941619372,0.0202003028244,0.507053357579
44,0.22,8800,0,0.0428063124418,0.041971616447,0.000246773706749,-0.000587958144024,2.02139472094e-05,-0.021070189774,0.021125625819,2.38672746491e-05,-0.0606587976217,0.0422183573246,4.10877109971e-05,0.002941619372,0.0206319577992,0.507034190346
45,0.225,9000,0,0.0429038256407,0.04216318205,0.00024928356288,-0.000491401995532,2.02139472094e-05,-0.0211576111615,0.0212130472064,2.38672746491e-05,-0.0626220032573,0.0424123927951,4.10877109971e-05,0.002941619372,0.0207285135984,0.507043323725
46,0.23,9200,0,0.0429146252573,0.042184188962,0.000249742442975,-0.00048074577353,2.02139472094e-05,-0.0212777797133,0.0213498454541,2.38672746491e-05,-0.0327048003674,0.0424338504672,4.10877109971e-05,0.002941619372,0.020739171654,0.506933811323
47,0.235,9400,0,0.0429146252573,0.042184188962,0.000249743810855,-0.000480743969092,2.02139472094e-05,-0.0211130995303,0.0215184483677,2.38672746491e-05,-0.00479291006923,0.0424338504672,4.10877109971e-05,0.002941619372,0.020739171654,0.507098499386
48,0.24,9600,0,0.0429146252573,0.042184188962,0.000249743810855,-0.000480743969092,2.02139472094e-05,-0.0211497731507,0.0216977708042,2.38672746491e-05,-0.037966478616,0.0424338504672,4.10877109971e-05,0.002941619372,0.020739171654,0.507061825373
49,0.245,9800,0,0.0429146252573,0.042184188962,0.000249743810855,-0.000480743969092,2.02139472094e-05,-0.0212065782398,0.0218297448009,2.38672746491e-05,-0.0220519714057,0.0424338504672,4.10877109971e-05,0.002941619372,0.020739171654,0.507005002518
50,0.25,10000,0,0.0429146252573,0.042184188962,0.000249743810855,-0.000480743969092,2.02139472094e-05,-0.0210550744087,0.0219812486321,2.38672746491e-05,-0.03353651613,0.0424338504672,4.10877109971e-05,0.002941619372,0.020739171654,0.507156504204
51,0.255,10200,0,0.0429146252573,0.042184188962,0.000249743810855,-0.000480743969092,2.02139472094e-05,-0.0211812518537,0.0221838206053,2.38672746491e-05,-0.0688444152474,0.0424338504672,4.10877109971e-05,0.002941619372,0.020739171654,0.507030328668
52,0.26,10400,0,0.0429146252573,0.042184188962,0.000249743810855,-0.000480743969092,2.02139472094e-05,-0.0213594269007,0.0223787073046,2.38672746491e-05,-0.0224970486015,0.0424338504672,4.10877109971e-05,0.002941619372,0.020739171654,0.506852160205
53,0.265,10600,0,0.0429146252573,0.042184188962,0.000249743810855,-0.000480743969092,2.02139472094e-05,-0.0211377423257,0.0226003918797,2.38672746491e-05,0.0123938433826,0.0424338504672,4.10877109971e-05,0.002941619372,0.020739171654,0.507073846311
54,0.27,10800,0,0.0429146252573,0.042184188962,0.000249743810855,-0.000480743969092,2.02139472094e-05,-0.0210471004248,0.0227458961308,2.38672746491e-05,-0.0360839106143,0.0424338504672,4.10877109971e-05,0.002941619372,0.020739171654,0.507164504422
55,0.275,11000,0,0.0429146252573,0.042184188962,0.000249743810855,-0.000480743969092,2.02139472094e-05,-0.021307233721,0.0230060294271,2.38672746491e-05,-0.0320037528872,0.0424338504672,4.10877109971e-05,0.002941619372,0.020739171654,0.506904372807
56,0.28,11200,0,0.0429146252573,0.042184188962,0.000249743810855,-0.000480743969092,2.02139472094e-05,-0.0210820734501,0.0232316926122,2.38672746491e-05,-0.0233778301626,0.0424338504672,4.10877109971e-05,0.002941619372,0.020739171654,0.507129539919
57,0.285,11400,0,0.0429146252573,0.042184188962,0.000249743810855,-0.000480743969092,2.02139472094e-05,-0.0212006941438,0.0233512073755,2.38672746491e-05,-0.0442680306733,0.0424338504672,4.10877109971e-05,0.002941619372,0.020739171654,0.5070109239
58,0.29,11600,0,0.0429146252573,0.042184188962,0.000249743810855,-0.000480743969092,2.02139472094e-05,-0.0212967731059,0.0234660319984,2.38672746491e-05,-0.00853829737753,0.0424338504672,4.10877109971e-05,0.002941619372,0.020739171654,0.506914831799
59,0.295,11800,0,0.0429146252573,0.042184188962,0.000249743810855,-0.000480743969092,2.02139472094e-05,-0.0211333874613,0.0236773025244,2.38672746491e-05,-0.0124936196953,0.0424338504672,4.10877109971e-05,0.002941619372,0.020739171654,0.507078220405
60,0.3,12000,0,0.0429146252573,0.042184188962,0.000249743810855,-0.000480743969092,2.02139472094e-05,-0.0212510693818,0.023869914934,2.38672746491e-05,-0.0292491223663,0.0424338504672,4.10877109971e-05,0.002941619372,0.020739171654,0.506960526211
61,0.305,12200,0,0.0429146252573,0.042184188962,0.000249743810855,-0.000480743969092,2.02139472094e-05,-0.021225804463,0.024048121646,2.38672746491e-05,0.00883336551487,0.0424338504672,4.10877109971e-05,0.002941619372,0.020739171654,0.5069857847
62,0.31,12400,0,0.0429146252573,0.042184188962,0.000249743810855,-0.000480743969092,2.02139472094e-05,-0.0210523549467,0.0242896731943,2.38672746491e-05,-0.036898355931,0.0424338504672,4.10877109971e-05,0.002941619372,0.020739171654,0.50715923744
63,0.315,12600,0,0.0429146252573,0.042184188962,0.000249743810855,-0.000480743969092,2.02139472094e-05,-0.0212644487619,0.0245017670095,2.38672746491e-05,-0.0523274801672,0.0424338504672,4.10877109971e-05,0.002941619372,0.020739171654,0.506947151918
64,0.32,12800,0,0.0429146252573,0.042184188962,0.000249743810855,-0.000480743969092,2.02139472094e-05,-0.0213064104319,0.0248014032841,2.38672746491e-05,0.019393645227,0.0424338504672,4.10877109971e-05,0.002941619372,0.020739171654,0.506905221534
65,0.325,13000,0,0.0429146252573,0.042184188962,0.000249743810855,-0.000480743969092,2.02139472094e-05,-0.0209900848567,0.0251177288592,2.38672746491e-05,0.00248023401946,0.0424338504672,4.10877109971e-05,0.002941619372,0.020739171654,0.507221543892
66,0.33,13200,0,0.0429146252573,0.042184188962,0.000249743810855,-0.000480743969092,2.02139472094e-05,-0.0213025342673,0.0254456643015,2.38672746491e-05,-0.0309773366898,0.0424338504672,4.10877109971e-05,0.002941619372,0.020739171654,0.506909098011
67,0.335,13400,0,0.0429146252573,0.042184188962,0.000249743810855,-0.000480743969092,2.02139472094e-05,-0.021217642352,0.0256409775466,2.38672746491e-05,0.0139063457027,0.0424338504672,4.10877109971e-05,0.002941619372,0.020739171654,0.506993980926
68,0.34,13600,0,0.0429146252573,0.042184188962,0.000249743810855,-0.000480743969092,2.02139472094e-05,-0.0210881400853,0.0258399639279,2.38672746491e-05,-0.0216178111732,0.0424338504672,4.10877109971e-05,0.002941619372,0.020739171654,0.507123468357
69,0.345,13800,0,0.0429146252573,0.042184188962,0.000249743810855,-0.000480743969092,2.02139472094e-05,-0.0213106181473,0.0260624419898,2.38672746491e-05,-0.0302776973695,0.0424338504672,4.10877109971e-05,0.002941619372,0.020739171654,0.506900976304
70,0.35,14000,0,0.0429146252573,0.042184188962,0.000249743810855,-0.000480743969092,2.02139472094e-05,-0.0212897788733,0.0261578354985,2.38672746491e-05,0.0192477069795,0.0424338504672,4.10877109971e-05,0.002941619372,0.020739171654,0.506921830708
71,0.355,14200,0,0.0429146252573,0.042184188962,0.000249743810855,-0.000480743969092,2.02139472094e-05,-0.0210740473121,0.0263735670596,2.38672746491e-05,-0.0010171366157,0.0424338504672,4.10877109971e-05,0.002941619372,0.020739171654,0.507137575917
72,0.36,14400,0,0.0429146252573,0.042184188962,0.000249743810855,-0.000480743969092,2.02139472094e-05,-0.0213074050844,0.0266450978816,2.38672746491e-05,-0.00141372904181,0.0424338504672,4.10877109971e-05,0.002941619372,0.020739171654,0.506904206152
73,0.365,14600,0,0.0429146252573,0.042184188962,0.000249743810855,-0.000480743969092,2.02139472094e-05,-0.0211318843067,0.0268292091787,2.38672746491e-05,0.0160648841411,0.0424338504672,4.10877109971e-05,0.002941619372,0.020739171654,0.50707971186
74,0.37,14800,0,0.0429146252573,0.042184188962,0.000249743810855,-0.000480743969092,2.02139472094e-05,-0.0210953988135,0.0269110202789,2.38672746491e-05,-0.0259406398982,0.0424338504672,4.10877109971e-05,0.002941619372,0.020739171654,0.507116193913
75,0.375,15000,0,0.0429146252573,0.042184188962,0.000249743810855,-0.000480743969092,2.02139472094e-05,-0.0213863141835,0.0272019356489,2.38672746491e-05,-0.0106354653835,0.0424338504672,4.10877109971e-05,0.002941619372,0.020739171654,0.506825284541
76,0.38,15200,0,0.0429146252573,0.042184188962,0.000249743810855,-0.000480743969092,2.02139472094e-05,-0.0212273541838,0.0274199154228,2.38672746491e-05,0.038638908416,0.0424338504672,4.10877109971e-05,0.002941619372,0.020739171654,0.506984255233
77,0.385,15400,0,0.0429146252573,0.042184188962,0.000249743810855,-0.000480743969092,2.02139472094e-05,-0.0211332459003,0.0277200322598,2.38672746491e-05,-0.0105831436813,0.0424338504672,4.10877109971e-05,0.002941619372,0.020739171654,0.507078363224
78,0.39,15600,0,0.0429146252573,0.042184188962,0.000249743810855,-0.000480743969092,2.02139472094e-05,-0.0213666819036,0.0279588922858,2.38672746491e-05,0.0163388215005,0.0424338504672,4.10877109971e-05,0.002941619372,0.020739171654,0.506844935934
79,0.395,15800,0,0.0429146252573,0.042184188962,0.000249743810855,-0.000480743969092,2.02139472094e-05,-0.0210943613201,0.0282312128693,2.38672746491e-05,0.0256567373872,0.0424338504672,4.10877109971e-05,0.002941619372,0.020739171654,0.507117239887
80,0.4,16000,0,0.0429146252573,0.042184188962,0.000249743810855,-0.000480743969092,2.02139472094e-05,-0.0211912021041,0.0283908806741,2.38672746491e-05,-0.0240003261715,0.0424338504672,4.10877109971e-05,0.002941619372,0.020739171654,0.50702039797
81,0.405,16200,0,0.0429146252573,0.042184188962,0.000249743810855,-0.000480743969092,2.02139472094e-05,-0.0213820114732,0.0286284349859,2.38672746491e-05,0.0144357606769,0.0424338504672,4.10877109971e-05,0.002941619372,0.020739171654,0.506829583511
82,0.41,16400,0,0.0429146252573,0.042184188962,0.000249743810855,-0.000480743969092,2.02139472094e-05,-0.0211358536035,0.0288745928556,2.38672746491e-05,0.0400298237801,0.0424338504672,4.10877109971e-05,0.002941619372,0.020739171654,0.507075764347
83,0.415,16600,0,0.0429146252573,0.042184188962,0.000249743810855,-0.000480743969092,2.02139472094e-05,-0.0212051589042,0.0290500093251,2.38672746491e-05,-0.00296024186537,0.0424338504672,4.10877109971e-05,0.002941619372,0.020739171654,0.507006462374
84,0.42,16800,0,0.0429146252573,0.042184188962,0.000249743810855,-0.000480743969092,2.02139472094e-05,-0.0213556438684,0.0292313620448,2.38672746491e-05,0.0326025635004,0.0424338504672,4.10877109971e-05,0.002941619372,0.020739171654,0.506855962875
85,0.425,17000,0,0.0429146252573,0.042184188962,0.000249743810855,-0.000480743969092,2.02139472094e-05,-0.0211261305958,0.0294608753175,2.38672746491e-05,0.026572663337,0.0424338504672,4.10877109971e-05,0.002941619372,0.020739171654,0.507085479471
86,0.43,17200,0,0.0429146252573,0.042184188962,0.000249743810855,-0.000480743969092,2.02139472094e-05,-0.0212143920362,0.0295526310802,2.38672746491e-05,-0.00812197010964,0.0424338504672,4.10877109971e-05,0.002941619372,0.020739171654,0.506997205669
87,0.435,17400,0,0.0429146252573,0.042184188962,0.000249743810855,-0.000480743969092,2.02139472094e-05,-0.0213456135243,0.0297158230096,2.38672746491e-05,0.0246020108461,0.0424338504672,4.10877109971e-05,0.002941619372,0.020739171654,0.506865984422
88,0.44,17600,0,0.0429146252573,0.042184188962,0.000249743810855,-0.000480743969092,2.02139472094e-05,-0.0211107619107,0.0299506746233,2.38672746491e-05,0.0334217697382,0.0424338504672,4.10877109971e-05,0.002941619372,0.020739171654,0.507100854504
89,0.445,17800,0,0.0429146252573,0.042184188962,0.000249743810855,-0.000480743969092,2.02139472094e-05,-0.0213369224221,0.0301789361984,2.38672746491e-05,0.019669784233,0.0424338504672,4.10877109971e-05,0.002941619372,0.020739171654,0.506874707733
90,0.45,18000,0,0.0657329633832,0.0428766943514,0.000255007122178,-0.0226013157517,2.02139472094e-05,-0.0213716272265,0.0306046176702,2.38672746491e-05,0.0362382344902,0.0431670062244,4.10877109971e-05,0.00512284552678,0.0210720337927,0.484719435606
91,0.455,18200,0,0.078580506146,0.049613147974,0.000280544423731,-0.0286868922412,2.24355080718e-05,-0.0249064285308,0.0341394357383,2.38672746491e-05,-0.0314289666712,0.0499289892614,5.20335597685e-05,0.00512284552678,0.0242425408214,0.475099051616
92,0.46,18400,0,0.0811449885368,0.0522807464004,0.000296421698295,-0.0285678450018,2.24355080718e-05,-0.0262704472989,0.0355034768581,2.38672746491e-05,-0.0249158609658,0.0526124611497,5.20335597685e-05,0.00512284552678,0.0255504772067,0.473854066573
93,0.465,18600,0,0.0820123702288,0.0534772835672,0.000305302935885,-0.0282298605889,2.24355080718e-05,-0.0267127789557,0.0359500050545,2.38672746491e-05,-0.0584562383592,0.0538178272545,5.20335597685e-05,0.00512284552678,0.0261355303228,0.473749738711
94,0.47,18800,0,0.0861039832234,0.0553654357791,0.00031701210537,-0.0304215904325,2.24355080718e-05,-0.0276187863201,0.0369078963995,2.38672746491e-05,-0.0893167927861,0.055717702955,5.20335597685e-05,0.00512284552678,0.0270058773458,0.47065199453
95,0.475,19000,0,0.0896827057004,0.0605127960443,0.000343180727214,-0.0288267470896,2.24355080718e-05,-0.0303556211293,0.039644729346,2.80305830529e-05,-0.113545149565,0.0608912557364,5.20335597685e-05,0.00512284552678,0.0295332185924,0.469510007074
96,0.48,19200,0,0.0960658788681,0.0648664757609,0.00036962973536,-0.0308297481388,2.24355080718e-05,-0.0325437672436,0.0418328680098,2.80305830529e-05,-0.0928335785866,0.0652713775635,5.20335597685e-05,0.00512284552678,0.0315915569663,0.465318842377
97,0.485,19400,0,0.0977839007974,0.0672930330038,0.000385022867704,-0.0301058385521,2.24355080718e-05,-0.0338566750288,0.043148547411,2.80305830529e-05,-0.0812351256609,0.0677133500576,5.20335597685e-05,0.00512284552678,0.0327962525189,0.464729831756
98,0.49,19600,0,0.100444853306,0.0688267871737,0.000397467141738,-0.0312206242234,2.24355080718e-05,-0.0346138700843,0.0439057424664,2.80305830529e-05,-0.0126214288175,0.0692595168948,5.20335597685e-05,0.00512284552678,0.033551197499,0.462857818599
99,0.495,19800,0,0.102267503738,0.0721134766936,0.000415585062001,-0.0297384355217,2.24355080718e-05,-0.0362954437733,0.0455873161554,2.80305830529e-05,0.0231463629752,0.0725643783808,5.20335597685e-05,0.00512284552678,0.0351807773113,0.462658430855
100,0.5,20000,0,0.102980464697,0.0733253881335,0.000425076752435,-0.0292299371213,2.24355080718e-05,-0.0367885269225,0.0460923574865,2.80305830529e-05,0.0427150763571,0.0737858042121,5.20335597685e-05,0.00512284552678,0.0357848405838,0.462673863532
