frame,time_s,x_m,y_m,z_m,vx_m_s,vy_m_s,vz_m_s,wx_rad_s,wy_rad_s,wz_rad_s,bench_contacts,floor_contacts,edge_contacts
0,0,0,0,0.070000000000000007,1.1000000000000001,0,0,0,15.714285714285714,0,0,0,0
1,0.0083333333333333332,0.0091666666666666684,0,0.070000000000000007,1.1000000000000001,0,2.1684043449710089e-19,0,15.714285714285714,0,50,0,0
2,0.016666666666666666,0.018333333333333365,0,0.070000000000000007,1.1000000000000001,0,2.1684043449710089e-19,0,15.714285714285714,0,100,0,0
3,0.025000000000000001,0.027500000000000063,0,0.070000000000000007,1.1000000000000001,0,2.1684043449710089e-19,0,15.714285714285714,0,150,0,0
4,0.033333333333333333,0.036666666666666757,0,0.070000000000000007,1.1000000000000001,0,2.1684043449710089e-19,0,15.714285714285714,0,200,0,0
5,0.041666666666666664,0.045833333333333455,0,0.070000000000000007,1.1000000000000001,0,2.1684043449710089e-19,0,15.714285714285714,0,250,0,0
6,0.050000000000000003,0.055000000000000153,0,0.070000000000000007,1.1000000000000001,0,2.1684043449710089e-19,0,15.714285714285714,0,300,0,0
7,0.058333333333333334,0.064166666666666788,0,0.070000000000000007,1.1000000000000001,0,2.1684043449710089e-19,0,15.714285714285714,0,350,0,0
8,0.066666666666666666,0.073333333333333139,0,0.070000000000000007,1.1000000000000001,0,2.1684043449710089e-19,0,15.714285714285714,0,400,0,0
9,0.074999999999999997,0.08249999999999949,0,0.070000000000000007,1.1000000000000001,0,2.1684043449710089e-19,0,15.714285714285714,0,450,0,0
10,0.083333333333333329,0.091666666666665841,0,0.070000000000000007,1.1000000000000001,0,2.1684043449710089e-19,0,15.714285714285714,0,500,0,0
11,0.09166666666666666,0.10083333333333219,0,0.070000000000000007,1.1000000000000001,0,2.1684043449710089e-19,0,15.714285714285714,0,550,0,0
12,0.10000000000000001,0.10999999999999854,0,0.070000000000000007,1.1000000000000001,0,2.1684043449710089e-19,0,15.714285714285714,0,600,0,0
13,0.10833333333333334,0.11916666666666489,0,0.070000000000000007,1.1000000000000001,0,2.1684043449710089e-19,0,15.714285714285714,0,650,0,0
14,0.11666666666666667,0.1283333333333315,0,0.070000000000000007,1.1000000000000001,0,2.1684043449710089e-19,0,15.714285714285714,0,700,0,0
15,0.125,0.13749999999999854,0,0.070000000000000007,1.1000000000000001,0,2.1684043449710089e-19,0,15.714285714285714,0,750,0,0
16,0.13333333333333333,0.14666666666666558,0,0.070000000000000007,1.1000000000000001,0,2.1684043449710089e-19,0,15.714285714285714,0,800,0,0
17,0.14166666666666666,0.15583333333333263,0,0.070000000000000007,1.1000000000000001,0,2.1684043449710089e-19,0,15.714285714285714,0,850,0,0
18,0.14999999999999999,0.16499999999999967,0,0.070000000000000007,1.1000000000000001,0,2.1684043449710089e-19,0,15.714285714285714,0,900,0,0
19,0.15833333333333333,0.17416666666666672,0,0.070000000000000007,1.1000000000000001,0,2.1684043449710089e-19,0,15.714285714285714,0,950,0,0
20,0.16666666666666666,0.18333333333333376,0,0.070000000000000007,1.1000000000000001,0,2.1684043449710089e-19,0,15.714285714285714,0,1000,0,0
21,0.17499999999999999,0.19250000000000081,0,0.070000000000000007,1.1000000000000001,0,2.1684043449710089e-19,0,15.714285714285714,0,1050,0,0
22,0.18333333333333332,0.20166666666666785,0,0.070000000000000007,1.1000000000000001,0,2.1684043449710089e-19,0,15.714285714285714,0,1100,0,0
23,0.19166666666666668,0.2108333333333349,0,0.070000000000000007,1.1000000000000001,0,2.1684043449710089e-19,0,15.714285714285714,0,1150,0,0
24,0.20000000000000001,0.22000000000000194,0,0.070000000000000007,1.1000000000000001,0,2.1684043449710089e-19,0,15.714285714285714,0,1200,0,0
25,0.20833333333333334,0.22916666666666899,0,0.070000000000000007,1.1000000000000001,0,2.1684043449710089e-19,0,15.714285714285714,0,1250,0,0
26,0.21666666666666667,0.23833333333333603,0,0.070000000000000007,1.1000000000000001,0,2.1684043449710089e-19,0,15.714285714285714,0,1300,0,0
27,0.22500000000000001,0.24750000000000308,0,0.070000000000000007,1.1000000000000001,0,2.1684043449710089e-19,0,15.714285714285714,0,1350,0,0
28,0.23333333333333334,0.2566666666666691,0,0.070000000000000007,1.1000000000000001,0,2.1684043449710089e-19,0,15.714285714285714,0,1400,0,0
29,0.24166666666666667,0.26583333333333475,0,0.070000000000000007,1.1000000000000001,0,2.1684043449710089e-19,0,15.714285714285714,0,1450,0,0
30,0.25,0.27500000000000041,0,0.070000000000000007,1.1000000000000001,0,2.1684043449710089e-19,0,15.714285714285714,0,1500,0,0
31,0.25833333333333336,0.28416666666666607,0,0.070000000000000007,1.1000000000000001,0,2.1684043449710089e-19,0,15.714285714285714,0,1550,0,0
32,0.26666666666666666,0.29333333333333172,0,0.070000000000000007,1.1000000000000001,0,2.1684043449710089e-19,0,15.714285714285714,0,1600,0,0
33,0.27500000000000002,0.30249999999999738,0,0.070000000000000007,1.1000000000000001,0,2.1684043449710089e-19,0,15.714285714285714,0,1650,0,0
34,0.28333333333333333,0.31166666666666304,0,0.070000000000000007,1.1000000000000001,0,2.1684043449710089e-19,0,15.714285714285714,0,1700,0,0
35,0.29166666666666669,0.3208333333333287,0,0.070000000000000007,1.1000000000000001,0,2.1684043449710089e-19,0,15.714285714285714,0,1750,0,0
36,0.29999999999999999,0.32999999999999435,0,0.070000000000000007,1.1000000000000001,0,2.1684043449710089e-19,0,15.714285714285714,0,1800,0,0
37,0.30833333333333335,0.33916666666666001,0,0.070000000000000007,1.1000000000000001,0,2.1684043449710089e-19,0,15.714285714285714,0,1850,0,0
38,0.31666666666666665,0.34833333333332567,0,0.070000000000000007,1.1000000000000001,0,2.1684043449710089e-19,0,15.714285714285714,0,1900,0,0
39,0.32500000000000001,0.35749999999999132,0,0.070000000000000007,1.1000000000000001,0,2.1684043449710089e-19,0,15.714285714285714,0,1950,0,0
40,0.33333333333333331,0.36666666666665698,0,0.070000000000000007,1.1000000000000001,0,2.1684043449710089e-19,0,15.714285714285714,0,2000,0,0
41,0.34166666666666667,0.37583333333332264,0,0.070000000000000007,1.1000000000000001,0,2.1684043449710089e-19,0,15.714285714285714,0,2050,0,0
42,0.34999999999999998,0.3849999999999883,0,0.070000000000000007,1.1000000000000001,0,2.1684043449710089e-19,0,15.714285714285714,0,2100,0,0
43,0.35833333333333334,0.39416666666665395,0,0.070000000000000007,1.1000000000000001,0,2.1684043449710089e-19,0,15.714285714285714,0,2150,0,0
44,0.36666666666666664,0.40333333333331961,0,0.070000000000000007,1.1000000000000001,0,2.1684043449710089e-19,0,15.714285714285714,0,2200,0,0
45,0.375,0.41249999999998527,0,0.070000000000000007,1.1000000000000001,0,2.1684043449710089e-19,0,15.714285714285714,0,2250,0,0
46,0.38333333333333336,0.42166666666665092,0,0.070000000000000007,1.1000000000000001,0,2.1684043449710089e-19,0,15.714285714285714,0,2300,0,0
47,0.39166666666666666,0.43083333333331658,0,0.070000000000000007,1.1000000000000001,0,2.1684043449710089e-19,0,15.714285714285714,0,2350,0,0
48,0.40000000000000002,0.43999999999998224,0,0.070000000000000007,1.1000000000000001,0,2.1684043449710089e-19,0,15.714285714285714,0,2400,0,0
49,0.40833333333333333,0.4491666666666479,0,0.070000000000000007,1.1000000000000001,0,2.1684043449710089e-19,0,15.714285714285714,0,2450,0,0
50,0.41666666666666669,0.45833333333331355,0,0.070000000000000007,1.1000000000000001,0,2.1684043449710089e-19,0,15.714285714285714,0,2500,0,0
51,0.42499999999999999,0.46749999999997921,0,0.070000000000000007,1.1000000000000001,0,2.1684043449710089e-19,0,15.714285714285714,0,2550,0,0
52,0.43333333333333335,0.47666666666664487,0,0.070000000000000007,1.1000000000000001,0,2.1684043449710089e-19,0,15.714285714285714,0,2600,0,0
53,0.44166666666666665,0.48583333333331052,0,0.070000000000000007,1.1000000000000001,0,2.1684043449710089e-19,0,15.714285714285714,0,2650,0,0
54,0.45000000000000001,0.49499999999997618,0,0.070000000000000007,1.1000000000000001,0,2.1684043449710089e-19,0,15.714285714285714,0,2700,0,0
55,0.45833333333333331,0.50416666666664189,0,0.070000000000000007,1.1000000000000001,0,2.1684043449710089e-19,0,15.714285714285714,0,2750,0,0
56,0.46666666666666667,0.51333333333330755,0,0.070000000000000007,1.1000000000000001,0,2.1684043449710089e-19,0,15.714285714285714,0,2800,0,0
57,0.47499999999999998,0.52249999999997321,0,0.070000000000000007,1.1000000000000001,0,2.1684043449710089e-19,0,15.714285714285714,0,2850,0,0
58,0.48333333333333334,0.53166666666663887,0,0.070000000000000007,1.1000000000000001,0,2.1684043449710089e-19,0,15.714285714285714,0,2900,0,0
59,0.49166666666666664,0.54083333333330452,0,0.070000000000000007,1.1000000000000001,0,2.1684043449710089e-19,0,15.714285714285714,0,2950,0,0
60,0.5,0.54999999999997018,0,0.070000000000000007,1.1000000000000001,0,2.1684043449710089e-19,0,15.714285714285714,0,3000,0,0
61,0.5083333333333333,0.55916666666663584,0,0.070000000000000007,1.1000000000000001,0,2.1684043449710089e-19,0,15.714285714285714,0,3050,0,0
62,0.51666666666666672,0.56833333333330149,0,0.070000000000000007,1.1000000000000001,0,2.1684043449710089e-19,0,15.714285714285714,0,3100,0,0
63,0.52500000000000002,0.57749999999996715,0,0.070000000000000007,1.1000000000000001,0,2.1684043449710089e-19,0,15.714285714285714,0,3150,0,0
64,0.53333333333333333,0.58666666666663281,0,0.070000000000000007,1.1000000000000001,0,2.1684043449710089e-19,0,15.714285714285714,0,3200,0,0
65,0.54166666666666663,0.59583333333329846,0,0.070000000000000007,1.1000000000000001,0,2.1684043449710089e-19,0,15.714285714285714,0,3250,0,0
66,0.55000000000000004,0.60499999999996412,0,0.070000000000000007,1.1000000000000001,0,2.1684043449710089e-19,0,15.714285714285714,0,3300,0,0
67,0.55833333333333335,0.61416666666662978,0,0.070000000000000007,1.1000000000000001,0,2.1684043449710089e-19,0,15.714285714285714,0,3350,0,0
68,0.56666666666666665,0.62333333333329544,0,0.070000000000000007,1.1000000000000001,0,2.1684043449710089e-19,0,15.714285714285714,0,3400,0,0
69,0.57499999999999996,0.63249999999996109,0,0.070000000000000007,1.1000000000000001,0,2.1684043449710089e-19,0,15.714285714285714,0,3450,0,0
70,0.58333333333333337,0.64166666666662675,0,0.070000000000000007,1.1000000000000001,0,2.1684043449710089e-19,0,15.714285714285714,0,3500,0,0
71,0.59166666666666667,0.65083333333329241,0,0.070000000000000007,1.1000000000000001,0,2.1684043449710089e-19,0,15.714285714285714,0,3550,0,0
72,0.59999999999999998,0.65999999999995806,0,0.070000000000000007,1.1000000000000001,0,2.1684043449710089e-19,0,15.714285714285714,0,3600,0,0
73,0.60833333333333328,0.66916666666662372,0,0.070000000000000007,1.1000000000000001,0,2.1684043449710089e-19,0,15.714285714285714,0,3650,0,0
74,0.6166666666666667,0.67833333333328938,0,0.070000000000000007,1.1000000000000001,0,2.1684043449710089e-19,0,15.714285714285714,0,3700,0,0
75,0.625,0.68749999999995504,0,0.070000000000000007,1.1000000000000001,0,2.1684043449710089e-19,0,15.714285714285714,0,3750,0,0
76,0.6333333333333333,0.69666666666662069,0,0.070000000000000007,1.1000000000000001,0,2.1684043449710089e-19,0,15.714285714285714,0,3800,0,0
77,0.64166666666666672,0.70583333333328635,0,0.070000000000000007,1.1000000000000001,0,2.1684043449710089e-19,0,15.714285714285714,0,3850,0,0
78,0.65000000000000002,0.71499999999995201,0,0.070000000000000007,1.1000000000000001,0,2.1684043449710089e-19,0,15.714285714285714,0,3900,0,0
79,0.65833333333333333,0.72416666666661766,0,0.070000000000000007,1.1000000000000001,0,2.1684043449710089e-19,0,15.714285714285714,0,3950,0,0
80,0.66666666666666663,0.73333333333328332,0,0.070000000000000007,1.1000000000000001,0,2.1684043449710089e-19,0,15.714285714285714,0,4000,0,0
81,0.67500000000000004,0.74249999999994898,0,0.070000000000000007,1.1000000000000001,0,2.1684043449710089e-19,0,15.714285714285714,0,4050,0,0
82,0.68333333333333335,0.75166666702715013,0,0.06998975736301366,1.1000002405909863,0,-0.013367114161315287,0,15.714289686588907,0,4092,0,1
83,0.69166666666666665,0.76083333569873979,0,0.069530927245002705,1.1000002405909863,0,-0.0951171141613152,0,15.714289686588907,0,4092,0,1
84,0.69999999999999996,0.77000000437032945,0,0.0683908471269917,1.1000002405909863,0,-0.17686711416131509,0,15.714289686588907,0,4092,0,1
85,0.70833333333333337,0.77916667304191911,0,0.066569517008980769,1.1000002405909863,0,-0.258617114161315,0,15.714289686588907,0,4092,0,1
86,0.71666666666666667,0.78833334171350877,0,0.064066936890969858,1.1000002405909863,0,-0.34036711416131488,0,15.714289686588907,0,4092,0,1
87,0.72499999999999998,0.79750001038509843,0,0.060883106772958849,1.1000002405909863,0,-0.42211711416131475,0,15.714289686588907,0,4092,0,1
88,0.73333333333333328,0.8066666790566881,0,0.057018026654947894,1.1000002405909863,0,-0.5038671141613148,0,15.714289686588907,0,4092,0,1
89,0.7416666666666667,0.81583334772827776,0,0.052471696536936917,1.1000002405909863,0,-0.58561711416131745,0,15.714289686588907,0,4092,0,1
90,0.75,0.82500001639986742,0,0.047244116418925924,1.1000002405909863,0,-0.66736711416132011,0,15.714289686588907,0,4092,0,1
91,0.7583333333333333,0.83416668507145708,0,0.041335286300914917,1.1000002405909863,0,-0.74911711416132276,0,15.714289686588907,0,4092,0,1
92,0.76666666666666672,0.84333335374304674,0,0.034745206182903894,1.1000002405909863,0,-0.83086711416132542,0,15.714289686588907,0,4092,0,1
93,0.77500000000000002,0.8525000224146364,0,0.027473876064892822,1.1000002405909863,0,-0.91261711416132807,0,15.714289686588907,0,4092,0,1
94,0.78333333333333333,0.86166669108622607,0,0.019521295946881741,1.1000002405909863,0,-0.99436711416133072,0,15.714289686588907,0,4092,0,1
95,0.79166666666666663,0.87083335975781573,0,0.010887465828870639,1.1000002405909863,0,-1.0761171141613333,0,15.714289686588907,0,4092,0,1
96,0.80000000000000004,0.88000002842940539,0,0.0015723857108595183,1.1000002405909863,0,-1.1578671141613359,0,15.714289686588907,0,4092,0,1
97,0.80833333333333335,0.88916669710099505,0,-0.0084239444071516258,1.1000002405909863,0,-1.2396171141613386,0,15.714289686588907,0,4092,0,1
98,0.81666666666666665,0.89833336577258471,0,-0.01910152452516279,1.1000002405909863,0,-1.3213671141613412,0,15.714289686588907,0,4092,0,1
99,0.82499999999999996,0.90750003444417437,0,-0.030460354643173981,1.1000002405909863,0,-1.4031171141613439,0,15.714289686588907,0,4092,0,1
100,0.83333333333333337,0.91666670311576404,0,-0.042500434761185195,1.1000002405909863,0,-1.4848671141613465,0,15.714289686588907,0,4092,0,1
101,0.84166666666666667,0.9258333717873537,0,-0.055221764879196417,1.1000002405909863,0,-1.5666171141613492,0,15.714289686588907,0,4092,0,1
102,0.84999999999999998,0.93500004045894336,0,-0.068624344997207709,1.1000002405909863,0,-1.6483671141613518,0,15.714289686588907,0,4092,0,1
103,0.85833333333333328,0.94416670913053302,0,-0.082708175115218996,1.1000002405909863,0,-1.7301171141613545,0,15.714289686588907,0,4092,0,1
104,0.8666666666666667,0.95333337780212268,0,-0.097473255233230249,1.1000002405909863,0,-1.8118671141613572,0,15.714289686588907,0,4092,0,1
105,0.875,0.96250004647371235,0,-0.11291958535124162,1.1000002405909863,0,-1.8936171141613598,0,15.714289686588907,0,4092,0,1
106,0.8833333333333333,0.97166671514530201,0,-0.12904716546925293,1.1000002405909863,0,-1.9753671141613625,0,15.714289686588907,0,4092,0,1
107,0.89166666666666672,0.98083338381689167,0,-0.14585599558726417,1.1000002405909863,0,-2.0571171141613576,0,15.714289686588907,0,4092,0,1
108,0.90000000000000002,0.99000005248848133,0,-0.16334607570527535,1.1000002405909863,0,-2.1388671141613491,0,15.714289686588907,0,4092,0,1
109,0.90833333333333333,0.99916672116007099,0,-0.18151740582328643,1.1000002405909863,0,-2.2206171141613407,0,15.714289686588907,0,4092,0,1
110,0.91666666666666663,1.0083333898316607,0,-0.20036998594129746,1.1000002405909863,0,-2.3023671141613322,0,15.714289686588907,0,4092,0,1
111,0.92500000000000004,1.0175000585032503,0,-0.21990381605930842,1.1000002405909863,0,-2.3841171141613238,0,15.714289686588907,0,4092,0,1
112,0.93333333333333335,1.02666672717484,0,-0.2401188961773193,1.1000002405909863,0,-2.4658671141613153,0,15.714289686588907,0,4092,0,1
113,0.94166666666666665,1.0358333958464296,0,-0.26101522629533025,1.1000002405909863,0,-2.5476171141613069,0,15.714289686588907,0,4092,0,1
114,0.94999999999999996,1.0450000645180193,0,-0.28259280641334122,1.1000002405909863,0,-2.6293671141612984,0,15.714289686588907,0,4092,0,1
115,0.95833333333333337,1.054166733189609,0,-0.30485163653135211,1.1000002405909863,0,-2.71111711416129,0,15.714289686588907,0,4092,0,1
116,0.96666666666666667,1.0633334018611986,0,-0.32779171664936296,1.1000002405909863,0,-2.7928671141612815,0,15.714289686588907,0,4092,0,1
117,0.97499999999999998,1.0725000705327883,0,-0.35141304676737373,1.1000002405909863,0,-2.8746171141612731,0,15.714289686588907,0,4092,0,1
118,0.98333333333333328,1.0816667392043779,0,-0.3757156268853844,1.1000002405909863,0,-2.9563671141612646,0,15.714289686588907,0,4092,0,1
119,0.9916666666666667,1.0908334078759676,0,-0.40069945700339504,1.1000002405909863,0,-3.0381171141612562,0,15.714289686588907,0,4092,0,1
120,1,1.1000000765475573,0,-0.4263645371214056,1.1000002405909863,0,-3.1198671141612477,0,15.714289686588907,0,4092,0,1
121,1.0083333333333333,1.1091667452191469,0,-0.45271086723941606,1.1000002405909863,0,-3.2016171141612393,0,15.714289686588907,0,4092,0,1
122,1.0166666666666666,1.1183334138907366,0,-0.47973844735742649,1.1000002405909863,0,-3.2833671141612308,0,15.714289686588907,0,4092,0,1
123,1.0249999999999999,1.1275000825623263,0,-0.50744727747543683,1.1000002405909863,0,-3.3651171141612224,0,15.714289686588907,0,4092,0,1
124,1.0333333333333334,1.1366667512339159,0,-0.53583735759344708,1.1000002405909863,0,-3.4468671141612139,0,15.714289686588907,0,4092,0,1
125,1.0416666666666667,1.1458334199055056,0,-0.5649086877114573,1.1000002405909863,0,-3.5286171141612055,0,15.714289686588907,0,4092,0,1
126,1.05,1.1550000885770952,0,-0.59466126782946749,1.1000002405909863,0,-3.610367114161197,0,15.714289686588907,0,4092,0,1
127,1.0583333333333333,1.1641667572486849,0,-0.62509509794747764,1.1000002405909863,0,-3.6921171141611886,0,15.714289686588907,0,4092,0,1
128,1.0666666666666667,1.1733334259202746,0,-0.65621017806548754,1.1000002405909863,0,-3.7738671141611801,0,15.714289686588907,0,4092,0,1
129,1.075,1.1825000946141506,0,-0.67999999999999994,1.1000002512967684,0,2.1684043449710089e-19,0,15.714289304239546,0,4092,13,1
130,1.0833333333333333,1.1916667633749578,0,-0.67999999999999994,1.1000002512967684,0,2.1684043449710089e-19,0,15.714289304239546,0,4092,63,1
131,1.0916666666666666,1.200833432135765,0,-0.67999999999999994,1.1000002512967684,0,2.1684043449710089e-19,0,15.714289304239546,0,4092,113,1
132,1.1000000000000001,1.2100001008965722,0,-0.67999999999999994,1.1000002512967684,0,2.1684043449710089e-19,0,15.714289304239546,0,4092,163,1
133,1.1083333333333334,1.2191667696573794,0,-0.67999999999999994,1.1000002512967684,0,2.1684043449710089e-19,0,15.714289304239546,0,4092,213,1
134,1.1166666666666667,1.2283334384181865,0,-0.67999999999999994,1.1000002512967684,0,2.1684043449710089e-19,0,15.714289304239546,0,4092,263,1
135,1.125,1.2375001071789937,0,-0.67999999999999994,1.1000002512967684,0,2.1684043449710089e-19,0,15.714289304239546,0,4092,313,1
136,1.1333333333333333,1.2466667759398009,0,-0.67999999999999994,1.1000002512967684,0,2.1684043449710089e-19,0,15.714289304239546,0,4092,363,1
137,1.1416666666666666,1.2558334447006081,0,-0.67999999999999994,1.1000002512967684,0,2.1684043449710089e-19,0,15.714289304239546,0,4092,413,1
138,1.1499999999999999,1.2650001134614153,0,-0.67999999999999994,1.1000002512967684,0,2.1684043449710089e-19,0,15.714289304239546,0,4092,463,1
139,1.1583333333333334,1.2741667822222225,0,-0.67999999999999994,1.1000002512967684,0,2.1684043449710089e-19,0,15.714289304239546,0,4092,513,1
140,1.1666666666666667,1.2833334509830296,0,-0.67999999999999994,1.1000002512967684,0,2.1684043449710089e-19,0,15.714289304239546,0,4092,563,1
141,1.175,1.2925001197438368,0,-0.67999999999999994,1.1000002512967684,0,2.1684043449710089e-19,0,15.714289304239546,0,4092,613,1
142,1.1833333333333333,1.301666788504644,0,-0.67999999999999994,1.1000002512967684,0,2.1684043449710089e-19,0,15.714289304239546,0,4092,663,1
143,1.1916666666666667,1.3108334572654512,0,-0.67999999999999994,1.1000002512967684,0,2.1684043449710089e-19,0,15.714289304239546,0,4092,713,1
144,1.2,1.3200001260262584,0,-0.67999999999999994,1.1000002512967684,0,2.1684043449710089e-19,0,15.714289304239546,0,4092,763,1
145,1.2083333333333333,1.3291667947870656,0,-0.67999999999999994,1.1000002512967684,0,2.1684043449710089e-19,0,15.714289304239546,0,4092,813,1
146,1.2166666666666666,1.3383334635478727,0,-0.67999999999999994,1.1000002512967684,0,2.1684043449710089e-19,0,15.714289304239546,0,4092,863,1
147,1.2250000000000001,1.3475001323086799,0,-0.67999999999999994,1.1000002512967684,0,2.1684043449710089e-19,0,15.714289304239546,0,4092,913,1
148,1.2333333333333334,1.3566668010694871,0,-0.67999999999999994,1.1000002512967684,0,2.1684043449710089e-19,0,15.714289304239546,0,4092,963,1
149,1.2416666666666667,1.3658334698302943,0,-0.67999999999999994,1.1000002512967684,0,2.1684043449710089e-19,0,15.714289304239546,0,4092,1013,1
150,1.25,1.3750001385911015,0,-0.67999999999999994,1.1000002512967684,0,2.1684043449710089e-19,0,15.714289304239546,0,4092,1063,1
151,1.2583333333333333,1.3841668073519087,0,-0.67999999999999994,1.1000002512967684,0,2.1684043449710089e-19,0,15.714289304239546,0,4092,1113,1
152,1.2666666666666666,1.3933334761127159,0,-0.67999999999999994,1.1000002512967684,0,2.1684043449710089e-19,0,15.714289304239546,0,4092,1163,1
153,1.2749999999999999,1.402500144873523,0,-0.67999999999999994,1.1000002512967684,0,2.1684043449710089e-19,0,15.714289304239546,0,4092,1213,1
154,1.2833333333333334,1.4116668136343302,0,-0.67999999999999994,1.1000002512967684,0,2.1684043449710089e-19,0,15.714289304239546,0,4092,1263,1
155,1.2916666666666667,1.4208334823951374,0,-0.67999999999999994,1.1000002512967684,0,2.1684043449710089e-19,0,15.714289304239546,0,4092,1313,1
156,1.3,1.4300001511559446,0,-0.67999999999999994,1.1000002512967684,0,2.1684043449710089e-19,0,15.714289304239546,0,4092,1363,1
157,1.3083333333333333,1.4391668199167518,0,-0.67999999999999994,1.1000002512967684,0,2.1684043449710089e-19,0,15.714289304239546,0,4092,1413,1
158,1.3166666666666667,1.448333488677559,0,-0.67999999999999994,1.1000002512967684,0,2.1684043449710089e-19,0,15.714289304239546,0,4092,1463,1
159,1.325,1.4575001574383661,0,-0.67999999999999994,1.1000002512967684,0,2.1684043449710089e-19,0,15.714289304239546,0,4092,1513,1
160,1.3333333333333333,1.4666668261991733,0,-0.67999999999999994,1.1000002512967684,0,2.1684043449710089e-19,0,15.714289304239546,0,4092,1563,1
161,1.3416666666666666,1.4758334949599805,0,-0.67999999999999994,1.1000002512967684,0,2.1684043449710089e-19,0,15.714289304239546,0,4092,1613,1
162,1.3500000000000001,1.4850001637207877,0,-0.67999999999999994,1.1000002512967684,0,2.1684043449710089e-19,0,15.714289304239546,0,4092,1663,1
163,1.3583333333333334,1.4941668324815949,0,-0.67999999999999994,1.1000002512967684,0,2.1684043449710089e-19,0,15.714289304239546,0,4092,1713,1
164,1.3666666666666667,1.5033335012424021,0,-0.67999999999999994,1.1000002512967684,0,2.1684043449710089e-19,0,15.714289304239546,0,4092,1763,1
165,1.375,1.5125001700032092,0,-0.67999999999999994,1.1000002512967684,0,2.1684043449710089e-19,0,15.714289304239546,0,4092,1813,1
166,1.3833333333333333,1.5216668387640164,0,-0.67999999999999994,1.1000002512967684,0,2.1684043449710089e-19,0,15.714289304239546,0,4092,1863,1
167,1.3916666666666666,1.5308335075248236,0,-0.67999999999999994,1.1000002512967684,0,2.1684043449710089e-19,0,15.714289304239546,0,4092,1913,1
168,1.3999999999999999,1.5400001762856308,0,-0.67999999999999994,1.1000002512967684,0,2.1684043449710089e-19,0,15.714289304239546,0,4092,1963,1
169,1.4083333333333334,1.549166845046438,0,-0.67999999999999994,1.1000002512967684,0,2.1684043449710089e-19,0,15.714289304239546,0,4092,2013,1
170,1.4166666666666667,1.5583335138072452,0,-0.67999999999999994,1.1000002512967684,0,2.1684043449710089e-19,0,15.714289304239546,0,4092,2063,1
171,1.425,1.5675001825680523,0,-0.67999999999999994,1.1000002512967684,0,2.1684043449710089e-19,0,15.714289304239546,0,4092,2113,1
172,1.4333333333333333,1.5766668513288595,0,-0.67999999999999994,1.1000002512967684,0,2.1684043449710089e-19,0,15.714289304239546,0,4092,2163,1
173,1.4416666666666667,1.5858335200896667,0,-0.67999999999999994,1.1000002512967684,0,2.1684043449710089e-19,0,15.714289304239546,0,4092,2213,1
174,1.45,1.5950001888504739,0,-0.67999999999999994,1.1000002512967684,0,2.1684043449710089e-19,0,15.714289304239546,0,4092,2263,1
175,1.4583333333333333,1.6041668576112811,0,-0.67999999999999994,1.1000002512967684,0,2.1684043449710089e-19,0,15.714289304239546,0,4092,2313,1
176,1.4666666666666666,1.6133335263720883,0,-0.67999999999999994,1.1000002512967684,0,2.1684043449710089e-19,0,15.714289304239546,0,4092,2363,1
177,1.4750000000000001,1.6225001951328955,0,-0.67999999999999994,1.1000002512967684,0,2.1684043449710089e-19,0,15.714289304239546,0,4092,2413,1
178,1.4833333333333334,1.6316668638937026,0,-0.67999999999999994,1.1000002512967684,0,2.1684043449710089e-19,0,15.714289304239546,0,4092,2463,1
179,1.4916666666666667,1.6408335326545098,0,-0.67999999999999994,1.1000002512967684,0,2.1684043449710089e-19,0,15.714289304239546,0,4092,2513,1
180,1.5,1.650000201415317,0,-0.67999999999999994,1.1000002512967684,0,2.1684043449710089e-19,0,15.714289304239546,0,4092,2563,1
181,1.5083333333333333,1.6591668701761242,0,-0.67999999999999994,1.1000002512967684,0,2.1684043449710089e-19,0,15.714289304239546,0,4092,2613,1
182,1.5166666666666666,1.6683335389369314,0,-0.67999999999999994,1.1000002512967684,0,2.1684043449710089e-19,0,15.714289304239546,0,4092,2663,1
183,1.5249999999999999,1.6775002076977386,0,-0.67999999999999994,1.1000002512967684,0,2.1684043449710089e-19,0,15.714289304239546,0,4092,2713,1
184,1.5333333333333334,1.6866668764585457,0,-0.67999999999999994,1.1000002512967684,0,2.1684043449710089e-19,0,15.714289304239546,0,4092,2763,1
185,1.5416666666666667,1.6958335452193529,0,-0.67999999999999994,1.1000002512967684,0,2.1684043449710089e-19,0,15.714289304239546,0,4092,2813,1
186,1.55,1.7050002139801601,0,-0.67999999999999994,1.1000002512967684,0,2.1684043449710089e-19,0,15.714289304239546,0,4092,2863,1
187,1.5583333333333333,1.7141668827409673,0,-0.67999999999999994,1.1000002512967684,0,2.1684043449710089e-19,0,15.714289304239546,0,4092,2913,1
188,1.5666666666666667,1.7233335515017745,0,-0.67999999999999994,1.1000002512967684,0,2.1684043449710089e-19,0,15.714289304239546,0,4092,2963,1
189,1.575,1.7325002202625817,0,-0.67999999999999994,1.1000002512967684,0,2.1684043449710089e-19,0,15.714289304239546,0,4092,3013,1
190,1.5833333333333333,1.7416668890233888,0,-0.67999999999999994,1.1000002512967684,0,2.1684043449710089e-19,0,15.714289304239546,0,4092,3063,1
191,1.5916666666666666,1.750833557784196,0,-0.67999999999999994,1.1000002512967684,0,2.1684043449710089e-19,0,15.714289304239546,0,4092,3113,1
192,1.6000000000000001,1.7600002265450032,0,-0.67999999999999994,1.1000002512967684,0,2.1684043449710089e-19,0,15.714289304239546,0,4092,3163,1
193,1.6083333333333334,1.7691668953058104,0,-0.67999999999999994,1.1000002512967684,0,2.1684043449710089e-19,0,15.714289304239546,0,4092,3213,1
194,1.6166666666666667,1.7783335640666176,0,-0.67999999999999994,1.1000002512967684,0,2.1684043449710089e-19,0,15.714289304239546,0,4092,3263,1
195,1.625,1.7875002328274248,0,-0.67999999999999994,1.1000002512967684,0,2.1684043449710089e-19,0,15.714289304239546,0,4092,3313,1
196,1.6333333333333333,1.7966669015882319,0,-0.67999999999999994,1.1000002512967684,0,2.1684043449710089e-19,0,15.714289304239546,0,4092,3363,1
197,1.6416666666666666,1.8058335703490391,0,-0.67999999999999994,1.1000002512967684,0,2.1684043449710089e-19,0,15.714289304239546,0,4092,3413,1
198,1.6499999999999999,1.8150002391098463,0,-0.67999999999999994,1.1000002512967684,0,2.1684043449710089e-19,0,15.714289304239546,0,4092,3463,1
199,1.6583333333333334,1.8241669078706535,0,-0.67999999999999994,1.1000002512967684,0,2.1684043449710089e-19,0,15.714289304239546,0,4092,3513,1
200,1.6666666666666667,1.8333335766314607,0,-0.67999999999999994,1.1000002512967684,0,2.1684043449710089e-19,0,15.714289304239546,0,4092,3563,1
201,1.675,1.8425002453922679,0,-0.67999999999999994,1.1000002512967684,0,2.1684043449710089e-19,0,15.714289304239546,0,4092,3613,1
202,1.6833333333333333,1.851666914153075,0,-0.67999999999999994,1.1000002512967684,0,2.1684043449710089e-19,0,15.714289304239546,0,4092,3663,1
203,1.6916666666666667,1.8608335829138822,0,-0.67999999999999994,1.1000002512967684,0,2.1684043449710089e-19,0,15.714289304239546,0,4092,3713,1
204,1.7,1.8700002516746894,0,-0.67999999999999994,1.1000002512967684,0,2.1684043449710089e-19,0,15.714289304239546,0,4092,3763,1
205,1.7083333333333333,1.8791669204354966,0,-0.67999999999999994,1.1000002512967684,0,2.1684043449710089e-19,0,15.714289304239546,0,4092,3813,1
206,1.7166666666666666,1.8883335891963038,0,-0.67999999999999994,1.1000002512967684,0,2.1684043449710089e-19,0,15.714289304239546,0,4092,3863,1
207,1.7250000000000001,1.897500257957111,0,-0.67999999999999994,1.1000002512967684,0,2.1684043449710089e-19,0,15.714289304239546,0,4092,3913,1
208,1.7333333333333334,1.9066669267179182,0,-0.67999999999999994,1.1000002512967684,0,2.1684043449710089e-19,0,15.714289304239546,0,4092,3963,1
209,1.7416666666666667,1.9158335954787253,0,-0.67999999999999994,1.1000002512967684,0,2.1684043449710089e-19,0,15.714289304239546,0,4092,4013,1
210,1.75,1.9250002642395325,0,-0.67999999999999994,1.1000002512967684,0,2.1684043449710089e-19,0,15.714289304239546,0,4092,4063,1
211,1.7583333333333333,1.9341669330003397,0,-0.67999999999999994,1.1000002512967684,0,2.1684043449710089e-19,0,15.714289304239546,0,4092,4113,1
212,1.7666666666666666,1.9433336017611469,0,-0.67999999999999994,1.1000002512967684,0,2.1684043449710089e-19,0,15.714289304239546,0,4092,4163,1
213,1.7749999999999999,1.9525002705219541,0,-0.67999999999999994,1.1000002512967684,0,2.1684043449710089e-19,0,15.714289304239546,0,4092,4213,1
214,1.7833333333333334,1.9616669392827613,0,-0.67999999999999994,1.1000002512967684,0,2.1684043449710089e-19,0,15.714289304239546,0,4092,4263,1
215,1.7916666666666667,1.9708336080435684,0,-0.67999999999999994,1.1000002512967684,0,2.1684043449710089e-19,0,15.714289304239546,0,4092,4313,1
216,1.8,1.9800002768043756,0,-0.67999999999999994,1.1000002512967684,0,2.1684043449710089e-19,0,15.714289304239546,0,4092,4363,1
217,1.8083333333333333,1.9891669455651828,0,-0.67999999999999994,1.1000002512967684,0,2.1684043449710089e-19,0,15.714289304239546,0,4092,4413,1
218,1.8166666666666667,1.99833361432599,0,-0.67999999999999994,1.1000002512967684,0,2.1684043449710089e-19,0,15.714289304239546,0,4092,4463,1
219,1.825,2.007500283086797,0,-0.67999999999999994,1.1000002512967684,0,2.1684043449710089e-19,0,15.714289304239546,0,4092,4513,1
220,1.8333333333333333,2.0166669518476041,0,-0.67999999999999994,1.1000002512967684,0,2.1684043449710089e-19,0,15.714289304239546,0,4092,4563,1
221,1.8416666666666666,2.0258336206084113,0,-0.67999999999999994,1.1000002512967684,0,2.1684043449710089e-19,0,15.714289304239546,0,4092,4613,1
222,1.8500000000000001,2.0350002893692185,0,-0.67999999999999994,1.1000002512967684,0,2.1684043449710089e-19,0,15.714289304239546,0,4092,4663,1
223,1.8583333333333334,2.0441669581300257,0,-0.67999999999999994,1.1000002512967684,0,2.1684043449710089e-19,0,15.714289304239546,0,4092,4713,1
224,1.8666666666666667,2.0533336268908329,0,-0.67999999999999994,1.1000002512967684,0,2.1684043449710089e-19,0,15.714289304239546,0,4092,4763,1
225,1.875,2.0625002956516401,0,-0.67999999999999994,1.1000002512967684,0,2.1684043449710089e-19,0,15.714289304239546,0,4092,4813,1
226,1.8833333333333333,2.0716669644124472,0,-0.67999999999999994,1.1000002512967684,0,2.1684043449710089e-19,0,15.714289304239546,0,4092,4863,1
227,1.8916666666666666,2.0808336331732544,0,-0.67999999999999994,1.1000002512967684,0,2.1684043449710089e-19,0,15.714289304239546,0,4092,4913,1
228,1.8999999999999999,2.0900003019340616,0,-0.67999999999999994,1.1000002512967684,0,2.1684043449710089e-19,0,15.714289304239546,0,4092,4963,1
229,1.9083333333333334,2.0991669706948688,0,-0.67999999999999994,1.1000002512967684,0,2.1684043449710089e-19,0,15.714289304239546,0,4092,5013,1
230,1.9166666666666667,2.108333639455676,0,-0.67999999999999994,1.1000002512967684,0,2.1684043449710089e-19,0,15.714289304239546,0,4092,5063,1
231,1.925,2.1175003082164832,0,-0.67999999999999994,1.1000002512967684,0,2.1684043449710089e-19,0,15.714289304239546,0,4092,5113,1
232,1.9333333333333333,2.1266669769772903,0,-0.67999999999999994,1.1000002512967684,0,2.1684043449710089e-19,0,15.714289304239546,0,4092,5163,1
233,1.9416666666666667,2.1358336457380975,0,-0.67999999999999994,1.1000002512967684,0,2.1684043449710089e-19,0,15.714289304239546,0,4092,5213,1
234,1.95,2.1450003144989047,0,-0.67999999999999994,1.1000002512967684,0,2.1684043449710089e-19,0,15.714289304239546,0,4092,5263,1
235,1.9583333333333333,2.1541669832597119,0,-0.67999999999999994,1.1000002512967684,0,2.1684043449710089e-19,0,15.714289304239546,0,4092,5313,1
236,1.9666666666666666,2.1633336520205191,0,-0.67999999999999994,1.1000002512967684,0,2.1684043449710089e-19,0,15.714289304239546,0,4092,5363,1
237,1.9750000000000001,2.1725003207813263,0,-0.67999999999999994,1.1000002512967684,0,2.1684043449710089e-19,0,15.714289304239546,0,4092,5413,1
238,1.9833333333333334,2.1816669895421335,0,-0.67999999999999994,1.1000002512967684,0,2.1684043449710089e-19,0,15.714289304239546,0,4092,5463,1
239,1.9916666666666667,2.1908336583029406,0,-0.67999999999999994,1.1000002512967684,0,2.1684043449710089e-19,0,15.714289304239546,0,4092,5513,1
240,2,2.2000003270637478,0,-0.67999999999999994,1.1000002512967684,0,2.1684043449710089e-19,0,15.714289304239546,0,4092,5563,1
