replay,frame,time_s,fruit_yarn_overlap_m
1,4,0.033333333333333333,1.3877787807814457e-17
1,8,0.066666666666666666,2.7755575615628914e-17
1,9,0.074999999999999997,3.524958103184872e-15
1,11,0.09166666666666666,3.70536934468646e-15
1,13,0.10833333333333334,6.4254157550180935e-15
1,16,0.13333333333333333,2.7908231281514873e-14
1,21,0.17499999999999999,8.647249583049188e-14
1,25,0.20833333333333334,1.3657547315304441e-12
1,111,0.92499999999999993,3.5717275304048002e-08
1,165,1.375,1.2414010089334404e-07
1,167,1.3916666666666666,9.4940695802292474e-07
2,4,0.033333333333333333,1.3877787807814457e-17
2,8,0.066666666666666666,2.7755575615628914e-17
2,9,0.074999999999999997,3.524958103184872e-15
2,11,0.09166666666666666,3.70536934468646e-15
2,13,0.10833333333333334,6.4254157550180935e-15
2,16,0.13333333333333333,2.7908231281514873e-14
2,21,0.17499999999999999,8.647249583049188e-14
2,25,0.20833333333333334,1.3657547315304441e-12
2,111,0.92499999999999993,3.5717275304048002e-08
2,165,1.375,1.2414010089334404e-07
2,167,1.3916666666666666,9.4940695802292474e-07
