path,minimum_area_m2,triangle_zero_based,nodes_zero_based,unserialized_lower_m2,unserialized_upper_m2,robust_failure,faces_below_gate
/Users/home/numi-solver/build/loaded-drop-investigation-corrected-96-0.obj,0.000056867941218993908002249088968110894281035754106657226377160,2592,"30,29,31",0.0000568678831253053856231372411771317122268665810061845105871962,0.0000568679993126824303813609367590900763352049272071299421671238,False,0
/Users/home/numi-solver/build/loaded-drop-investigation-corrected-96-10.obj,0.0000399455228967312834975331298455289560327593114479556582721928,2835,"1443,1454,1455",0.0000399454329843795936062461546346351887912360146096211222858132,0.0000399456128090829733888201050564227232742826082862901942585724,False,0
/Users/home/numi-solver/build/loaded-drop-investigation-corrected-96-100.obj,0.000058237834437236565519521164052851590424509472632268888954836,2769,"1413,1424,1425",0.0000582377215763694676000118095734442556742498834094523597921472,0.0000582379472981036634390305185322589251747690618550854181175248,False,0
/Users/home/numi-solver/build/loaded-drop-investigation-corrected-96-110.obj,0.000058929601925318393244891676245118359919064080508946275581382,2769,"1413,1424,1425",0.0000589294890425964032715128061486760151998889196243831094496465,0.0000589297148080403832182705463415607046382392413935094417131175,False,0
/Users/home/numi-solver/build/loaded-drop-investigation-corrected-96-120.obj,0.000058675824260367855110249583868545924935397757413440012581491,2769,"1413,1424,1425",0.0000586757114010209571783325163815465173937699862162279343759993,0.0000586759371197147530421666513555453324770255286106520907869827,False,0
/Users/home/numi-solver/build/loaded-drop-investigation-corrected-96-130.obj,0.0000613205247319654223393195914725182383859226913751285352264725,2769,"1413,1424,1425",0.0000613204118599926384703843118319266745883625055974756916753528,0.0000613206376039382062082548711131098021834828771527813787775922,False,0
/Users/home/numi-solver/build/loaded-drop-investigation-corrected-96-140.obj,0.000061666156582979034356794116756441449225334067799687568633820,2769,"1413,1424,1425",0.0000616660576951931560577945036396150476362690556482435663840154,0.0000616662554707649126557937298732678508143990799511315708836246,False,0
/Users/home/numi-solver/build/loaded-drop-investigation-corrected-96-150.obj,0.000061064385775358269695863289908241331407627757563854078075730,2769,"1413,1424,1425",0.0000610642868915660169122975010642076058278029102629854677765843,0.0000610644846591505224794290787522750569874526048647226883748757,False,0
/Users/home/numi-solver/build/loaded-drop-investigation-corrected-96-160.obj,0.0000691382524227509423624222531659929586683656619294309645314395,2769,"1413,1424,1425",0.0000691381534119341152691289757297479673607215737616451593033805,0.0000691383514335677694557155306022379499760097500972167697594985,False,0
/Users/home/numi-solver/build/loaded-drop-investigation-corrected-96-170.obj,0.000068895518417668697239389728032206676912569875380863202187113,2857,"19,18,17",0.0000688954292678453946128538909977688403333199107655002657219678,0.0000688956075674919998659255650666445134918198399962261386522582,False,0
/Users/home/numi-solver/build/loaded-drop-investigation-corrected-96-180.obj,0.0000524567773529297774182423676751995239237912869063950365550705,2857,"19,18,17",0.0000524565983926414701320140780672876277401853997716078213973262,0.0000524569563132180847044706572831114201073971740411822517128148,False,0
/Users/home/numi-solver/build/loaded-drop-investigation-corrected-96-190.obj,0.00000399193537583222693125386643313279743085463932284709750709418,2857,"19,18,17",0.00000399175636123124968125003750814778568971329976106664029326803,0.00000399211439043320418125769535811780917199597888462755472092033,False,0
/Users/home/numi-solver/build/loaded-drop-investigation-corrected-96-20.obj,0.0000321039857032873804033638949558544071258045527388830856993110,2835,"1443,1454,1455",0.0000321038959228717876253800229817333143852733047742186023028756,0.0000321040754837029731813477669299754998663358007035475690957464,False,0
/Users/home/numi-solver/build/loaded-drop-investigation-corrected-96-200.obj,0.0000271256881954442702309900190951055071485320159104084353913996,2857,"19,18,17",0.0000271255990019422050374813578165342366565669200634122878553199,0.0000271257773889463354244986803736767776404971117574045829274793,False,0
/Users/home/numi-solver/build/loaded-drop-investigation-corrected-96-210.obj,0.0000198636979379332127916740571037637882928594013301582929465241,2857,"19,18,17",0.0000198636088991081815268345950459902179354920025028408096406787,0.0000198637869767582440565135191615373586502268001574757762523695,False,0
/Users/home/numi-solver/build/loaded-drop-investigation-corrected-96-220.obj,0.000059865940725495565857948680177137027596087243813601093364329,2857,"19,18,17",0.0000598658494244946945202389498168273085176599697255802133232545,0.0000598660320264964371956584105374467466745145179016219734054035,False,0
/Users/home/numi-solver/build/loaded-drop-investigation-corrected-96-230.obj,0.000056016958173928808423886995137676132273410885685923538660329,2857,"19,18,17",0.0000560168492413969275867344985578142830702018193047454737678004,0.0000560170671064606892610394917175379814766199520671016035528576,False,0
/Users/home/numi-solver/build/loaded-drop-investigation-corrected-96-240.obj,0.0000161455774029378438663137389690740555934612413430720091066837,2857,"19,18,17",0.0000161454684335759054135574304413107112380562302006572116916641,0.0000161456863722997823190700474968373999488662524854868065217033,False,0
/Users/home/numi-solver/build/loaded-drop-investigation-corrected-96-250.obj,0.000058085148266893029251424075273067160907295449975664317439653,2857,"19,18,17",0.0000580850393350062368126673307012513270073477516890138270939243,0.0000580852571987798216901808198448829948072431482623148077853817,False,0
/Users/home/numi-solver/build/loaded-drop-investigation-corrected-96-260.obj,0.000055728896365284055705600063325030427867086719754543263133296,1641,"821,869,868",0.0000557286872480326289112899230491131498066217779684277978834081,0.0000557291054825354824999102036009477059275516615406587283831839,False,0
/Users/home/numi-solver/build/loaded-drop-investigation-corrected-96-270.obj,0.0000646072369770938561384431929556410484490838175018885420162025,2857,"19,18,17",0.0000646071280651166311001696582011783470928782937821902438387303,0.0000646073458890710811767167277101037498052893412215868401936747,False,0
/Users/home/numi-solver/build/loaded-drop-investigation-corrected-96-280.obj,0.0000658943167819768933987128744951085101745365316756753357777535,1641,"821,869,868",0.0000658941057548699490189646313384656958705946989778606266620279,0.0000658945278090838377784611176517513244784783643734900448934791,False,0
/Users/home/numi-solver/build/loaded-drop-investigation-corrected-96-290.obj,0.000059888984966294476790602383770410857824769096463153244176605,1641,"821,869,868",0.0000598887753356734990400580632283625761965289729926446442772407,0.0000598891945969154545411467043124591394530092199336618440759693,False,0
/Users/home/numi-solver/build/loaded-drop-investigation-corrected-96-30.obj,0.000064632506275647240235458441414187830837892758967890121086719,2769,"1413,1424,1425",0.0000646324969596962368657611130844719143095900413285810547262843,0.0000646325155915982436051557697439037473661954766071991874471537,False,0
/Users/home/numi-solver/build/loaded-drop-investigation-corrected-96-300.obj,0.0000605559765662290066345385185077665529710094292950275608231135,1641,"821,869,868",0.0000605556819831825352803439707517639767113220172842272895209354,0.0000605562711492754779887330662637691292306968413058278321252916,False,0
/Users/home/numi-solver/build/loaded-drop-investigation-corrected-96-310.obj,0.000051118052829886156715743595741600841758219987028231597180789,1641,"821,869,868",0.0000511177606440151491505942641655368028106584116847904536385777,0.0000511183450157571642808929273176648807057815623716727407230003,False,0
/Users/home/numi-solver/build/loaded-drop-investigation-corrected-96-320.obj,0.0000370301071013348410473242153325878227330712327238339064358419,1641,"821,869,868",0.0000370298177219868753076353965987540929366072467892876884096801,0.0000370303964806828067870130340664215525295352186583801244620037,False,0
/Users/home/numi-solver/build/loaded-drop-investigation-corrected-96-330.obj,0.0000370432544418433583844664760220027949516683280788667534965274,1641,"821,869,868",0.0000370429654315266357582398284881749274316471936684396893490889,0.0000370435434521600810106931235558306624716894624892938176439659,False,0
/Users/home/numi-solver/build/loaded-drop-investigation-corrected-96-340.obj,0.0000443263460270647765735549845911452898435287441075193533561688,1641,"821,869,868",0.0000443260557337869522864945975260849293148404711426683044074075,0.0000443266363203426008606153716562056503722170170723704023049301,False,0
/Users/home/numi-solver/build/loaded-drop-investigation-corrected-96-350.obj,0.0000546640832114188050839422906067775567995755085557325392512085,1641,"821,869,868",0.0000546637906084440036547437022909060180965798379470471347439491,0.0000546643758143936065131408789226490955025711791644179437584679,False,0
/Users/home/numi-solver/build/loaded-drop-investigation-corrected-96-360.obj,0.0000354838839835010263009889489391767484511456260635058442654720,2879,"5,7,6",0.0000354829766469460540024568875014779992930982918590342799862364,0.0000354847913200559985995210103768754976091929602679774085447076,False,0
/Users/home/numi-solver/build/loaded-drop-investigation-corrected-96-370.obj,0.000051393628212183954605087886898605435235734403301537510739713,2408,"1204,1205,1252",0.0000513933517831349541770080828850813259290930932895734118669688,0.0000513939046412329550331676909121295445423757133135016096124572,False,0
/Users/home/numi-solver/build/loaded-drop-investigation-corrected-96-380.obj,0.000057963596481154090796745259436693841709236910808048917014402,1641,"821,869,868",0.0000579633026355700414088108469098351544529567093176719613039762,0.0000579638903267381401846796719635525289655171122984258727248278,False,0
/Users/home/numi-solver/build/loaded-drop-investigation-corrected-96-390.obj,0.000056318568144670127264834166017650573665488787304723881957946,1641,"821,869,868",0.0000563182748211694747539957633251959581519350026160736865736415,0.0000563188614681707797756725687101051891790425719933740773422505,False,0
/Users/home/numi-solver/build/loaded-drop-investigation-corrected-96-40.obj,0.000074282536880762347028178163387181109171607874642487779179856,2769,"1413,1424,1425",0.0000742825286228264967800092089536583105069099003415055871519825,0.0000742825451386981972763471178207039078363058489434699712077295,False,0
/Users/home/numi-solver/build/loaded-drop-investigation-corrected-96-400.obj,0.0000566462558068749790190346751875508161588432407517975920022495,1641,"821,869,868",0.0000566459624511482722968272419851192544294687204589253071730530,0.0000566465491626016857412421083899823778882177610446698768314460,False,0
/Users/home/numi-solver/build/loaded-drop-investigation-corrected-96-410.obj,0.000055472206259889647913999444831321509133680132925642599540198,1641,"821,869,868",0.0000554719132304516150983176541091303298440521236659645579283131,0.0000554724992893276807296812355535126884233081421853206411520829,False,0
/Users/home/numi-solver/build/loaded-drop-investigation-corrected-96-420.obj,0.000054890029017541030705709239630583594833771700057304325004103,1641,"821,869,868",0.0000548897361686861528712665008081324980338809065699678652031659,0.0000548903218663959085401519784530346916336624935446407848050401,False,0
/Users/home/numi-solver/build/loaded-drop-investigation-corrected-96-430.obj,0.000052491751147696820581275966686483520220911898277362961832786,1641,"821,869,868",0.0000524914589333187483170674240523268284135432472230784423726842,0.0000524920433620748928454845093206402120282805493316474812928878,False,0
/Users/home/numi-solver/build/loaded-drop-investigation-corrected-96-440.obj,0.0000478636210831992840339615598189509009141498433668379872122000,1641,"821,869,868",0.0000478633300297715755784413265287535431792600221359251317299835,0.0000478639121366269924894817931091482586490396645977508426944165,False,0
/Users/home/numi-solver/build/loaded-drop-investigation-corrected-96-450.obj,0.0000481689283240231154956504071410141928903976005219785933682870,1641,"821,869,868",0.0000481686371712112471548555773945784199343531290366780883631601,0.0000481692194768349838364452368874499658464420720072790983734139,False,0
/Users/home/numi-solver/build/loaded-drop-investigation-corrected-96-460.obj,0.0000689560684347781052972183840761547142745710750860276599981695,2644,"1356,1367,1357",0.0000689556627890258560910638455511556075816795745627942022619023,0.0000689564740805303545033729226011538209674625756092611177344367,False,0
/Users/home/numi-solver/build/loaded-drop-investigation-corrected-96-470.obj,0.0000599654997922186281928340743643703299595001285255002943693835,2769,"1413,1424,1425",0.0000599648452963900748093514409869675100875496065788122005921641,0.0000599661542880471815763167077417731498314506504721883881466029,False,0
/Users/home/numi-solver/build/loaded-drop-investigation-corrected-96-480.obj,0.0000765583937520088882037861223850760908030374843610960991498615,1597,"799,847,846",0.0000765583592381861655965513958911904855021879077823499799101120,0.0000765584282658316108110208488789616961038870609398422183896110,False,0
/Users/home/numi-solver/build/loaded-drop-investigation-corrected-96-490.obj,0.0000794937843623053293092938168290250390931574460939296033489355,1597,"799,847,846",0.0000794937495909238760289301486125786686236049520875984762011963,0.0000794938191336867825896574850454714095627099401002607304966747,False,0
/Users/home/numi-solver/build/loaded-drop-investigation-corrected-96-50.obj,0.0000410597118916893012351210462468483544396638393920893171360132,2813,"1433,1444,1445",0.0000410596475759082263003742800282290105412350183986541775032230,0.0000410597762074703761698678124654676983380926603855244567688034,False,0
/Users/home/numi-solver/build/loaded-drop-investigation-corrected-96-500.obj,0.0000715624119225021420057599582958760868776074569237740365574745,2769,"1413,1424,1425",0.0000715617574452408904761351429485289223963005539207047635335932,0.0000715630663997633935353847736432232513589143599268433095813558,False,0
/Users/home/numi-solver/build/loaded-drop-investigation-corrected-96-510.obj,0.000078458840878957125962825561806986688550386981046516486265308,2769,"1413,1424,1425",0.0000784581896737002018888253435114924204387215763004759132406472,0.0000784594920842140500368257801024809566620523857925570592899688,False,0
/Users/home/numi-solver/build/loaded-drop-investigation-corrected-96-520.obj,0.000081715430637279389571947180165706645858239521280988039135220,1597,"799,847,846",0.0000817152266002719965636716209193230196198629095765881361926502,0.0000817156346742867825802227394120902720966161329853879420777898,False,0
/Users/home/numi-solver/build/loaded-drop-investigation-corrected-96-530.obj,0.0000317677633564742557599574442170660065755866571302219061359421,2670,"1368,1379,1369",0.0000317673604531599415557743655891980539141379024715224003048656,0.0000317681662597885699641405228449339592370354117889214119670186,False,0
/Users/home/numi-solver/build/loaded-drop-investigation-corrected-96-540.obj,0.0000458416331949460691923606899698284993851089012878285385948076,2644,"1356,1367,1357",0.0000458412274666440724029445862028451364274566293547812434151722,0.0000458420389232480659817767937368118623427611732208758337744430,False,0
/Users/home/numi-solver/build/loaded-drop-investigation-corrected-96-550.obj,0.0000235449769091671666650230925175740858735004172665132499339326,2813,"1433,1444,1445",0.0000235443312129351356220055135053321036422144304728971553927043,0.0000235456226053991977080406715298160681047864040601293444751609,False,0
/Users/home/numi-solver/build/loaded-drop-investigation-corrected-96-560.obj,0.0000658324313056530137042574284030124959687147144862363936681935,2769,"1413,1424,1425",0.0000658317773808237565852011025985417777399123714557454425716660,0.0000658330852304822708233137542074832141975170575167273447647210,False,0
/Users/home/numi-solver/build/loaded-drop-investigation-corrected-96-570.obj,0.00000287895431157196704656148565354007997357748549047517767662928,2813,"1433,1444,1445",0.00000287831077802585324356487131585239449569386097382093506595942,0.00000287959784511808084955809999122776545146111000712942028729914,False,0
/Users/home/numi-solver/build/loaded-drop-investigation-corrected-96-580.obj,0.0000120873797243248651214516716403466647075697105528015438847374,2853,"1453,1463,1464",0.0000120867389260288234238902916388433685896809950156750858014982,0.0000120880205226209068190130516418499608254584260899280019679766,False,0
/Users/home/numi-solver/build/loaded-drop-investigation-corrected-96-590.obj,0.0000323647960640768258827439439142844557517416352601980676893186,2835,"1443,1454,1455",0.0000323641555826997939892116502969031996411213930935089075961956,0.0000323654365454538577762762375316657118623618774268872277824416,False,0
/Users/home/numi-solver/build/loaded-drop-investigation-corrected-96-60.obj,0.0000664458129105187842267932187143139472970732795835112932297585,1597,"799,847,846",0.0000664457851791870365303083567805107087667642159715966097949296,0.0000664458406418505319232780806481171858273823431954259766645874,False,0
/Users/home/numi-solver/build/loaded-drop-investigation-corrected-96-600.obj,0.000083834808491356272998180116958924107613597688516088899854249,2618,"1344,1355,1345",0.0000838343988185900071035109866663476185579221208801992985184336,0.0000838352181641225388928492472515005966692732561519785011900644,False,0
/Users/home/numi-solver/build/loaded-drop-investigation-corrected-96-610.obj,8.00504691842E-7,2813,"1433,1444,1445",7.99861966389971184838560150743713959509636713126094675770231E-7,8.01147417294028815161439849256286040490363286873905324229769E-7,False,0
/Users/home/numi-solver/build/loaded-drop-investigation-corrected-96-620.obj,5.828993541E-9,2813,"1433,1444,1445",5.18623056543134225928917461458630990826211929121728487255006E-9,6.47175651656865774071082538541369009173788070878271512744994E-9,True,1
/Users/home/numi-solver/build/loaded-drop-investigation-corrected-96-630.obj,7.45469414185E-8,2813,"1433,1444,1445",7.39041860270854317330922089797875491355239782320258811418402E-8,7.51896968099145682669077910202124508644760217679741188581598E-8,False,0
/Users/home/numi-solver/build/loaded-drop-investigation-corrected-96-640.obj,0.0000016608699765875,2813,"1433,1444,1445",0.00000166022727435143133020851405461752406795820619681258372047914,0.00000166151267882356866979148594538247593204179380318741627952086,False,0
/Users/home/numi-solver/build/loaded-drop-investigation-corrected-96-650.obj,0.0000010027125000625,2813,"1433,1444,1445",0.00000100206989613586679243620091398290953289837967180758004160195,0.00000100335510398913320756379908601709046710162032819241995839805,False,0
/Users/home/numi-solver/build/loaded-drop-investigation-corrected-96-660.obj,4.875858301475E-7,2813,"1433,1444,1445",4.86943132078101604876965953005243143909443549821574202305455E-7,4.88228528216898395123034046994756856090556450178425797694545E-7,False,0
/Users/home/numi-solver/build/loaded-drop-investigation-corrected-96-670.obj,0.000001466095335571,2813,"1433,1444,1445",0.00000146545264390370936385800721501671477777369040362904532634564,0.00000146673802723829063614199278498328522222630959637095467365436,False,0
/Users/home/numi-solver/build/loaded-drop-investigation-corrected-96-680.obj,4.67066384996E-7,2813,"1433,1444,1445",4.66423711086235143851223485225366585862388500501569161224740E-7,4.67709058905764856148776514774633414137611499498430838775260E-7,False,0
/Users/home/numi-solver/build/loaded-drop-investigation-corrected-96-690.obj,0.0000015757226463855,2813,"1433,1444,1445",0.00000157508001627192254113519498930672954521523212074328298185404,0.00000157636527649907745886480501069327045478476787925671701814596,False,0
/Users/home/numi-solver/build/loaded-drop-investigation-corrected-96-70.obj,0.0000280600041331315000551612517644794280569534193766887360619020,2835,"1443,1454,1455",0.0000280598943207591944895518423905756989171286134704298633024663,0.0000280601139455038056207706611383831571967782252829476088213377,False,0
/Users/home/numi-solver/build/loaded-drop-investigation-corrected-96-700.obj,5.307000780935E-7,2813,"1433,1444,1445",5.30057392645361684161226863021135930519791763547526023834902E-7,5.31342763541638315838773136978864069480208236452473976165098E-7,False,0
/Users/home/numi-solver/build/loaded-drop-investigation-corrected-96-710.obj,8.7550288211E-8,2813,"1433,1444,1445",8.69076322142796737180740080383915515993598544596018229020768E-8,8.81929442077203262819259919616084484006401455403981770979232E-8,False,0
/Users/home/numi-solver/build/loaded-drop-investigation-corrected-96-720.obj,0.000001005988216419,2813,"1433,1444,1445",0.00000100534559064927706707449009197801383282517693984404119021535,0.00000100663084218872293292550990802198616717482306015595880978465,False,0
/Users/home/numi-solver/build/loaded-drop-investigation-corrected-96-80.obj,0.0000297689058961411296446626381443648975800560076030026547645364,2835,"1443,1454,1455",0.0000297687961399293493484447805079689424387023981894463945438173,0.0000297690156523529099408804957807608527214096170165589149852555,False,0
/Users/home/numi-solver/build/loaded-drop-investigation-corrected-96-90.obj,0.000056732252879742227368772262325593986959256545717352011492866,2769,"1413,1424,1425",0.0000567321399606433460353870201970572044397772598488741568070676,0.0000567323657988411087021575044541307694787358315858298661786644,False,0
/Users/home/numi-solver/build/loaded-drop-investigation-corrected-96-r1-peak.obj,0.000068827411038256982898572258507321666899107918526186821967534,1597,"799,847,846",0.0000688273832452241254638005598961461217435940509618230322202771,0.0000688274388312898403333439571184972120546217860905506117147909,False,0
/Users/home/numi-solver/build/loaded-drop-investigation-corrected-96-r2-peak.obj,0.000068827411038256982898572258507321666899107918526186821967534,1597,"799,847,846",0.0000688273832452241254638005598961461217435940509618230322202771,0.0000688274388312898403333439571184972120546217860905506117147909,False,0
/Users/home/numi-solver/build/loaded-drop-investigation-corrected-96.obj,0.000001005988216419,2813,"1433,1444,1445",0.00000100534559064927706707449009197801383282517693984404119021535,0.00000100663084218872293292550990802198616717482306015595880978465,False,0
