replay,frame,time_s,fruit,x_m,y_m,z_m,radius_m,vx_m_s,vy_m_s,vz_m_s,wx_rad_s,wy_rad_s,wz_rad_s,static_clearance_m,released,last_substep_ground_impulse_Ns
1,0,0,0,0.18999999761581421,0,0.097000002861022949,0.070000000298023224,0,0,0,0,0,0,0.027000002562999725,0,0
1,0,0,1,0.11800000071525574,0.14900000393390656,0.092000000178813934,0.064999997615814209,0,0,0,0,0,0,0.027000002562999725,0,0
1,0,0,2,-0.041999999433755875,0.18500000238418579,0.1080000028014183,0.075000002980232239,0,0,0,0,0,0,0.032999999821186066,0,0
1,0,0,3,-0.17100000381469727,0.082000002264976501,0.086999997496604919,0.059999998658895493,0,0,0,0,0,0,0.026999998837709427,0,0
1,0,0,4,-0.18700000643730164,-0.075999997556209564,0.10100000351667404,0.068000003695487976,0,0,0,0,0,0,0.032999999821186066,0,0
1,0,0,5,-0.041999999433755875,-0.18500000238418579,0.098999999463558197,0.071999996900558472,0,0,0,0,0,0,0.027000002562999725,0,0
1,0,0,6,0.11800000071525574,-0.14900000393390656,0.090000003576278687,0.063000001013278961,0,0,0,0,0,0,0.027000002562999725,0,0
1,0,0,7,0,0,0.093000002205371857,0.065999999642372131,0,0,0,0,0,0,0.027000002562999725,0,0
1,0,0,8,0.10300000011920929,0,0.21899999678134918,0.071999996900558472,0,0,0,0,0,0,0.14699999988079071,0,0
1,0,0,9,0,0.098999999463558197,0.22100000083446503,0.064000003039836884,0,0,0,0,0,0,0.15699999779462814,0,0
1,0,0,10,-0.10499999672174454,0,0.22400000691413879,0.070000000298023224,0,0,0,0,0,0,0.15400000661611557,0,0
1,0,0,11,0,-0.10499999672174454,0.21899999678134918,0.067000001668930054,0,0,0,0,0,0,0.15199999511241913,0,0
1,1,0.0083333335351198912,0,0.18999999761581421,0,0.096652284264564514,0.070000000298023224,0,0,-0.081749647855758667,0,0,0,0.02665228396654129,0,0
1,1,0.0083333335351198912,1,0.11800000071525574,0.14900000393390656,0.091652281582355499,0.064999997615814209,0,0,-0.081749603152275085,0,0,0,0.02665228396654129,0,0
1,1,0.0083333335351198912,2,-0.041999999433755875,0.18500000238418579,0.10765228420495987,0.075000002980232239,0,0,-0.081749662756919861,0,0,0,0.032652281224727631,0,0
1,1,0.0083333335351198912,3,-0.17100000381469727,0.082000002264976501,0.086652278900146484,0.059999998658895493,0,0,-0.081749588251113892,0,0,0,0.026652280241250992,0,0
1,1,0.0083333335351198912,4,-0.18700000643730164,-0.075999997556209564,0.10065228492021561,0.068000003695487976,0,0,-0.081749625504016876,0,0,0,0.032652281224727631,0,0
1,1,0.0083333335351198912,5,-0.041999999433755875,-0.18500000238418579,0.098652280867099762,0.071999996900558472,0,0,-0.081749655306339264,0,0,0,0.02665228396654129,0,0
1,1,0.0083333335351198912,6,0.11800000071525574,-0.14900000393390656,0.089652284979820251,0.063000001013278961,0,0,-0.081749603152275085,0,0,0,0.02665228396654129,0,0
1,1,0.0083333335351198912,7,0,0,0.092652283608913422,0.065999999642372131,0,0,-0.081749632954597473,0,0,0,0.02665228396654129,0,0
1,1,0.0083333335351198912,8,0.10300000011920929,0,0.21865227818489075,0.071999996900558472,0,0,-0.081749655306339264,0,0,0,0.14665228128433228,0,0
1,1,0.0083333335351198912,9,0,0.098999999463558197,0.22065228223800659,0.064000003039836884,0,0,-0.081749632954597473,0,0,0,0.15665227919816971,0,0
1,1,0.0083333335351198912,10,-0.10499999672174454,0,0.22365228831768036,0.070000000298023224,0,0,-0.081749647855758667,0,0,0,0.15365228801965714,0,0
1,1,0.0083333335351198912,11,0,-0.10499999672174454,0.21865227818489075,0.067000001668930054,0,0,-0.081749603152275085,0,0,0,0.15165227651596069,0,0
1,2,0.016666667070239782,0,0.18999999761581421,0,0.095623321831226349,0.070000000298023224,0,0,-0.16349701583385468,0,0,0,0.025623321533203125,0,0
1,2,0.016666667070239782,1,0.11800000071525574,0.14900000393390656,0.090623326599597931,0.064999997615814209,0,0,-0.16349680721759796,0,0,0,0.025623328983783722,0,0
1,2,0.016666667070239782,2,-0.041999999433755875,0.18500000238418579,0.1066233217716217,0.075000002980232239,0,0,-0.16349723935127258,0,0,0,0.031623318791389465,0,0
1,2,0.016666667070239782,3,-0.17100000381469727,0.082000002264976501,0.085623323917388916,0.059999998658895493,0,0,-0.1634967178106308,0,0,0,0.025623325258493423,0,0
1,2,0.016666667070239782,4,-0.18700000643730164,-0.075999997556209564,0.099623329937458038,0.068000003695487976,0,0,-0.16349692642688751,0,0,0,0.031623326241970062,0,0
1,2,0.016666667070239782,5,-0.041999999433755875,-0.18500000238418579,0.097623318433761597,0.071999996900558472,0,0,-0.16349713504314423,0,0,0,0.025623321533203125,0,0
1,2,0.016666667070239782,6,0.11800000071525574,-0.14900000393390656,0.088623329997062683,0.063000001013278961,0,0,-0.16349680721759796,0,0,0,0.025623328983783722,0,0
1,2,0.016666667070239782,7,0,0,0.091623328626155853,0.065999999642372131,0,0,-0.16349692642688751,0,0,0,0.025623328983783722,0,0
1,2,0.016666667070239782,8,0.10300000011920929,0,0.21762330830097198,0.071999996900558472,0,0,-0.16349713504314423,0,0,0,0.14562331140041351,0,0
1,2,0.016666667070239782,9,0,0.098999999463558197,0.21962331235408783,0.064000003039836884,0,0,-0.16349694132804871,0,0,0,0.15562330931425095,0,0
1,2,0.016666667070239782,10,-0.10499999672174454,0,0.2226233184337616,0.070000000298023224,0,0,-0.16349701583385468,0,0,0,0.15262331813573837,0,0
1,2,0.016666667070239782,11,0,-0.10499999672174454,0.21762330830097198,0.067000001668930054,0,0,-0.16349680721759796,0,0,0,0.15062330663204193,0,0
